WeatherDelay,AWND,PCRP,SNOW,AVGT,CMPND,,,,,,,,,,,,
0,3.4,0,0,17.1,0,,,,,,,,,,,,
0,5.2,0,0,31.7,0,,,,,,,,,,,,
266,3.5,53.3,0,25.3,4719.715,,,,,,AWND,,PCRP,,SNOW,,AVGT
108,2.5,29.2,0,24.4,1781.2,,,,,,4.611350575,,9.863182471,,4.588362069,,19.93757184
53,4.6,1.8,0,25.3,209.484,,,,,,1.769023324,,16.26000868,,22.77172146,,10.85770391
0,2.2,0,0,12.7,0,,,,,,,,,,,,
0,1.6,0,0,20.7,0,,,,,,,,,,,,
54,3,8.9,0,31.3,835.71,,,,,,,,,,,,
0,2.9,0,0,26.5,0,,,,,,,,,,,,
62,4.2,29.5,0,25.4,3147.06,,,,,,,,,,,,
0,2.8,0,0,5.6,0,,,,,,,,,,,,
0,4.8,0,0,16.4,0,,,,,,,,,,,,
106,5.1,21.3,0,28.6,3106.818,,,,,,,,,,,,
0,6.7,0,0,24.9,0,,,,,,,,,,,,
59,8,4.1,0,27.2,892.16,,,,,,,,,,,,
59,2.5,29.2,0,24.4,1781.2,,,,,,,,,,,,
60,5.1,0.8,0,29.8,121.584,,,,,,,,,,,,
0,2.6,1.5,0,19.1,74.49,,,,,,,,,,,,
0,5.6,0,0,30.3,0,,,,,,,,,,,,
0,5.2,0,0,31.7,0,,,,,,,,,,,,
140,4.7,24.6,0,18.5,2138.97,,,,,,,,,,,,
0,4.2,0,0,29.8,0,,,,,,,,,,,,
32,3,8.9,0,31.3,835.71,,,,,,,,,,,,
31,2.1,2,0,27.4,115.08,,,,,,,,,,,,
0,4.6,8.9,0,19.6,802.424,,,,,,,,,,,,
88,4.6,1.8,0,25.3,209.484,,,,,,,,,,,,
0,2.1,0,0,17.5,0,,,,,,,,,,,,
101,4.2,29.5,0,25.4,3147.06,,,,,,,,,,,,
130,5.7,40.6,0,20.2,4674.684,,,,,,,,,,,,
0,4.5,0,0,6.6,0,,,,,,,,,,,,
0,2.8,0,0,5.6,0,,,,,,,,,,,,
0,6.4,7.9,0,23.7,1198.272,,,,,,,,,,,,
72,7.2,3.8,0,26.5,725.04,,,,,,,,,,,,
0,3.8,0,0,20.3,0,,,,,,,,,,,,
0,3.7,3,0,25.4,281.94,,,,,,,,,,,,
0,6.6,0,0,19.4,0,,,,,,,,,,,,
70,3,46.2,0,23.4,3243.24,,,,,,,,,,,,
44,5.3,9.7,0,28.7,1475.467,,,,,,,,,,,,
32,4.8,0,0,25,0,,,,,,,,,,,,
0,8.3,0,0,9.9,0,,,,,,,,,,,,
0,2.9,0,0,26.5,0,,,,,,,,,,,,
0,2.7,0,0,6.8,0,,,,,,,,,,,,
53,5.9,0,0,16.3,0,,,,,,,,,,,,
68,4.7,20.8,0,33.7,3294.512,,,,,,,,,,,,
179,7.8,18.5,0,26.1,3766.23,,,,,,,,,,,,
0,7.8,0,0,27.6,0,,,,,,,,,,,,
0,6.2,7.9,0,26.1,1278.378,,,,,,,,,,,,
61,3.6,10.2,0,26.3,965.736,,,,,,,,,,,,
97,4.7,24.6,0,18.5,2138.97,,,,,,,,,,,,
0,7.2,0,0,21.4,0,,,,,,,,,,,,
0,5.1,0,0,15.2,0,,,,,,,,,,,,
0,6.2,7.9,0,26.1,1278.378,,,,,,,,,,,,
77,2.9,3.6,0,25.7,268.308,,,,,,,,,,,,
154,6.5,81.3,0,28.3,14955.135,,,,,,,,,,,,
0,6,0,0,32.2,0,,,,,,,,,,,,
0,4.3,0,0,15.9,0,,,,,,,,,,,,
77,4.2,10.9,0,29.7,1359.666,,,,,,,,,,,,
0,8.8,1,0,19.4,170.72,,,,,,,,,,,,
0,3.9,0,0,28.6,0,,,,,,,,,,,,
63,6.5,81.3,0,28.3,14955.135,,,,,,,,,,,,
114,3.5,53.3,0,25.3,4719.715,,,,,,,,,,,,
56,8,4.1,0,27.2,892.16,,,,,,,,,,,,
39,4.2,29.5,0,25.4,3147.06,,,,,,,,,,,,
151,3,46.2,0,23.4,3243.24,,,,,,,,,,,,
37,6.5,81.3,0,28.3,14955.135,,,,,,,,,,,,
0,2.8,0,0,5.6,0,,,,,,,,,,,,
93,5.2,0,0,16.3,0,,,,,,,,,,,,
51,6.5,81.3,0,28.3,14955.135,,,,,,,,,,,,
0,3.2,0.3,0,12.1,11.616,,,,,,,,,,,,
206,4.2,10.9,0,29.7,1359.666,,,,,,,,,,,,
125,8.4,0,0,22.4,0,,,,,,,,,,,,
78,5.1,21.3,0,28.6,3106.818,,,,,,,,,,,,
0,2.2,0,0,12.7,0,,,,,,,,,,,,
256,4.7,20.8,0,33.7,3294.512,,,,,,,,,,,,
0,3.3,0,0,21.9,0,,,,,,,,,,,,
31,3,46.2,0,23.4,3243.24,,,,,,,,,,,,
0,3.7,0,0,4.3,0,,,,,,,,,,,,
41,3.4,3,0,28,285.6,,,,,,,,,,,,
0,6.8,0,0,13.3,0,,,,,,,,,,,,
82,4.2,10.9,0,29.7,1359.666,,,,,,,,,,,,
179,4.7,20.8,0,33.7,3294.512,,,,,,,,,,,,
0,3,0,0,28.4,0,,,,,,,,,,,,
0,5.9,0,0,29.3,0,,,,,,,,,,,,
0,5,0,0,11.5,0,,,,,,,,,,,,
0,7.6,0,0,9,0,,,,,,,,,,,,
41,5.9,0,0,16.3,0,,,,,,,,,,,,
36,3.5,53.3,0,25.3,4719.715,,,,,,,,,,,,
0,3,2.5,0,17,127.5,,,,,,,,,,,,
0,5.5,0,0,19.8,0,,,,,,,,,,,,
45,4.2,10.9,0,29.7,1359.666,,,,,,,,,,,,
57,5.1,21.3,0,28.6,3106.818,,,,,,,,,,,,
47,2.5,29.2,0,24.4,1781.2,,,,,,,,,,,,
61,7.1,3,0,22.6,481.38,,,,,,,,,,,,
0,7.1,3,0,22.6,481.38,,,,,,,,,,,,
37,5.3,9.7,0,28.7,1475.467,,,,,,,,,,,,
0,3,17,0,23.9,1218.9,,,,,,,,,,,,
0,8.3,0,0,9.9,0,,,,,,,,,,,,
0,2.9,0,0,19.2,0,,,,,,,,,,,,
62,4.2,10.9,0,29.7,1359.666,,,,,,,,,,,,
234,4.6,1.8,0,25.3,209.484,,,,,,,,,,,,
0,4.8,0,0,25,0,,,,,,,,,,,,
0,8.1,2,0,31.6,511.92,,,,,,,,,,,,
161,4.2,29.5,0,25.4,3147.06,,,,,,,,,,,,
61,3.6,10.2,0,26.3,965.736,,,,,,,,,,,,
136,4.2,29.5,0,25.4,3147.06,,,,,,,,,,,,
0,3.2,0,0,18.2,0,,,,,,,,,,,,
0,5.2,0,0,16.3,0,,,,,,,,,,,,
0,5.9,0,0,16.3,0,,,,,,,,,,,,
131,3,46.2,0,23.4,3243.24,,,,,,,,,,,,
127,3,46.2,0,23.4,3243.24,,,,,,,,,,,,
0,5,0,0,9.4,0,,,,,,,,,,,,
0,4,0,0,1.9,0,,,,,,,,,,,,
0,2.7,0,0,16.5,0,,,,,,,,,,,,
137,3,46.2,0,23.4,3243.24,,,,,,,,,,,,
0,4.6,0,0,9.9,0,,,,,,,,,,,,
40,5.1,0.8,0,29.8,121.584,,,,,,,,,,,,
0,2.5,0,0,29.2,0,,,,,,,,,,,,
0,3,0,0,29.2,0,,,,,,,,,,,,
0,3.4,0,0,7.7,0,,,,,,,,,,,,
0,5.5,0,0,19.8,0,,,,,,,,,,,,
30,5.3,9.7,0,28.7,1475.467,,,,,,,,,,,,
128,4.7,24.6,0,18.5,2138.97,,,,,,,,,,,,
142,4.2,29.5,0,25.4,3147.06,,,,,,,,,,,,
0,2.3,0,0,22.4,0,,,,,,,,,,,,
198,2.5,29.2,0,24.4,1781.2,,,,,,,,,,,,
0,3.4,0,0,19.1,0,,,,,,,,,,,,
0,3,0,0,28.4,0,,,,,,,,,,,,
45,4.2,29.5,0,25.4,3147.06,,,,,,,,,,,,
0,3.2,28.4,0,19.7,1790.336,,,,,,,,,,,,
31,4.2,10.9,0,29.7,1359.666,,,,,,,,,,,,
0,3.9,0,0,13.9,0,,,,,,,,,,,,
0,3.4,0,0,19.1,0,,,,,,,,,,,,
57,7.6,4.8,0,8.4,306.432,,,,,,,,,,,,
40,2.1,2,0,27.4,115.08,,,,,,,,,,,,
0,5.9,0,0,27.8,0,,,,,,,,,,,,
234,3.5,53.3,0,25.3,4719.715,,,,,,,,,,,,
61,4.7,20.8,0,33.7,3294.512,,,,,,,,,,,,
53,4.2,29.5,0,25.4,3147.06,,,,,,,,,,,,
114,4.2,29.5,0,25.4,3147.06,,,,,,,,,,,,
68,2.5,29.2,0,24.4,1781.2,,,,,,,,,,,,
0,4.5,0,0,13.4,0,,,,,,,,,,,,
96,4.7,20.8,0,33.7,3294.512,,,,,,,,,,,,
0,2.1,2,0,27.4,115.08,,,,,,,,,,,,
47,7.6,4.8,0,8.4,306.432,,,,,,,,,,,,
90,2.9,3.6,0,25.7,268.308,,,,,,,,,,,,
40,7.2,3.8,0,26.5,725.04,,,,,,,,,,,,
32,2.3,0,0,22.4,0,,,,,,,,,,,,
45,3,0.8,0,31.4,75.36,,,,,,,,,,,,
0,2.8,0,0,13.2,0,,,,,,,,,,,,
0,7.1,0,0,20.3,0,,,,,,,,,,,,
0,3.4,0,0,30,0,,,,,,,,,,,,
0,3.2,0,0,17.9,0,,,,,,,,,,,,
33,7.6,4.8,0,8.4,306.432,,,,,,,,,,,,
0,3.3,14.2,0,16.9,791.934,,,,,,,,,,,,
96,3.5,53.3,0,25.3,4719.715,,,,,,,,,,,,
47,5,14.5,0,16.4,1189,,,,,,,,,,,,
143,4.2,29.5,0,25.4,3147.06,,,,,,,,,,,,
0,3.8,0,0,32.3,0,,,,,,,,,,,,
37,7.6,4.8,0,8.4,306.432,,,,,,,,,,,,
0,4.4,0,0,32.7,0,,,,,,,,,,,,
0,3.4,0,0,30,0,,,,,,,,,,,,
98,3.5,53.3,0,25.3,4719.715,,,,,,,,,,,,
0,6.1,41.7,0,22.4,5697.888,,,,,,,,,,,,
65,5.1,21.3,0,28.6,3106.818,,,,,,,,,,,,
44,4.7,24.6,0,18.5,2138.97,,,,,,,,,,,,
0,4.1,0,0,16.9,0,,,,,,,,,,,,
49,2.1,2,0,27.4,115.08,,,,,,,,,,,,
64,3.4,3,0,28,285.6,,,,,,,,,,,,
51,4.2,29.5,0,25.4,3147.06,,,,,,,,,,,,
93,5.7,40.6,0,20.2,4674.684,,,,,,,,,,,,
66,3.6,10.2,0,26.3,965.736,,,,,,,,,,,,
0,4.9,0,0,27.4,0,,,,,,,,,,,,
0,4,0,0,18.2,0,,,,,,,,,,,,
315,4.2,10.9,0,29.7,1359.666,,,,,,,,,,,,
55,2.9,3.6,0,25.7,268.308,,,,,,,,,,,,
79,5.1,21.3,0,28.6,3106.818,,,,,,,,,,,,
0,4.9,2,0,16.9,165.62,,,,,,,,,,,,
38,3,46.2,0,23.4,3243.24,,,,,,,,,,,,
0,5.4,0,0,29.2,0,,,,,,,,,,,,
94,7.2,3.8,0,26.5,725.04,,,,,,,,,,,,
36,3.6,10.2,0,26.3,965.736,,,,,,,,,,,,
0,4.6,0,0,31.9,0,,,,,,,,,,,,
235,2.5,29.2,0,24.4,1781.2,,,,,,,,,,,,
0,6.6,0,0,19.4,0,,,,,,,,,,,,
0,2.6,1.5,0,19.1,74.49,,,,,,,,,,,,
0,5.6,0,0,30.1,0,,,,,,,,,,,,
69,3,46.2,0,23.4,3243.24,,,,,,,,,,,,
0,6,0,0,31.1,0,,,,,,,,,,,,
0,2.9,0,0,30.1,0,,,,,,,,,,,,
0,3.9,0,0,28.6,0,,,,,,,,,,,,
0,2.2,1.3,0,8.2,23.452,,,,,,,,,,,,
65,3,46.2,0,23.4,3243.24,,,,,,,,,,,,
0,3.4,0,0,23.1,0,,,,,,,,,,,,
68,3,46.2,0,23.4,3243.24,,,,,,,,,,,,
40,8,4.1,0,27.2,892.16,,,,,,,,,,,,
0,2.9,0,0,8.9,0,,,,,,,,,,,,
80,2.9,0,0,2.7,0,,,,,,,,,,,,
190,3,46.2,0,23.4,3243.24,,,,,,,,,,,,
105,3.5,53.3,0,25.3,4719.715,,,,,,,,,,,,
102,2.9,0,0,30.1,0,,,,,,,,,,,,
0,6.3,0,0,31.1,0,,,,,,,,,,,,
0,1.7,0,0,15.6,0,,,,,,,,,,,,
278,5.1,21.3,0,28.6,3106.818,,,,,,,,,,,,
132,4.2,29.5,0,25.4,3147.06,,,,,,,,,,,,
0,3.4,0,0,7.7,0,,,,,,,,,,,,
118,5.7,40.6,0,20.2,4674.684,,,,,,,,,,,,
0,5.9,0,0,16.3,0,,,,,,,,,,,,
0,4,0,0,34,0,,,,,,,,,,,,
62,4.2,10.9,0,29.7,1359.666,,,,,,,,,,,,
0,8.4,0,0,16,0,,,,,,,,,,,,
0,8.4,0,0,31,0,,,,,,,,,,,,
115,4.7,20.8,0,33.7,3294.512,,,,,,,,,,,,
0,6,0,0,11.1,0,,,,,,,,,,,,
0,4.2,0,0,29,0,,,,,,,,,,,,
0,4.6,9.4,0,11.4,492.936,,,,,,,,,,,,
61,5.1,21.3,0,28.6,3106.818,,,,,,,,,,,,
46,5.9,0,0,16.3,0,,,,,,,,,,,,
74,6.5,81.3,0,28.3,14955.135,,,,,,,,,,,,
30,2.9,3.6,0,25.7,268.308,,,,,,,,,,,,
0,2.2,0,0,29.7,0,,,,,,,,,,,,
0,3.1,0,0,8.5,0,,,,,,,,,,,,
0,2.5,0,0,6.7,0,,,,,,,,,,,,
0,3.2,0,0,3.5,0,,,,,,,,,,,,
0,6.1,0.3,0,25.9,47.397,,,,,,,,,,,,
142,7.2,3.8,0,26.5,725.04,,,,,,,,,,,,
55,3.6,10.2,0,26.3,965.736,,,,,,,,,,,,
0,3.8,0,0,23,0,,,,,,,,,,,,
40,4.7,24.6,0,18.5,2138.97,,,,,,,,,,,,
0,4.1,0,0,28.8,0,,,,,,,,,,,,
72,4.7,20.8,0,33.7,3294.512,,,,,,,,,,,,
79,2.6,0,0,31.4,0,,,,,,,,,,,,
0,3.2,0,0,18.2,0,,,,,,,,,,,,
71,5.9,0,0,16.3,0,,,,,,,,,,,,
77,3,46.2,0,23.4,3243.24,,,,,,,,,,,,
184,5.7,40.6,0,20.2,4674.684,,,,,,,,,,,,
58,2.9,0,0,30.1,0,,,,,,,,,,,,
77,3,46.2,0,23.4,3243.24,,,,,,,,,,,,
88,3.4,3,0,28,285.6,,,,,,,,,,,,
0,4.9,2,0,16.9,165.62,,,,,,,,,,,,
0,5.1,0,0,8.2,0,,,,,,,,,,,,
103,2.5,29.2,0,24.4,1781.2,,,,,,,,,,,,
0,3.8,0,0,20.1,0,,,,,,,,,,,,
135,4.6,1.8,0,25.3,209.484,,,,,,,,,,,,
122,5.7,40.6,0,20.2,4674.684,,,,,,,,,,,,
80,3,46.2,0,23.4,3243.24,,,,,,,,,,,,
0,2.3,0,0,22.2,0,,,,,,,,,,,,
82,3.5,53.3,0,25.3,4719.715,,,,,,,,,,,,
64,3.6,10.2,0,26.3,965.736,,,,,,,,,,,,
0,2.7,0,0,15.1,0,,,,,,,,,,,,
0,3.8,0,0,20.1,0,,,,,,,,,,,,
0,3.1,0,0,30.6,0,,,,,,,,,,,,
63,3,8.9,0,31.3,835.71,,,,,,,,,,,,
0,1.9,0,0,24.4,0,,,,,,,,,,,,
0,3.3,0,0,15.4,0,,,,,,,,,,,,
0,4.5,0,0,6.6,0,,,,,,,,,,,,
0,3.3,0,0,15.4,0,,,,,,,,,,,,
0,4.8,0,0,17.6,0,,,,,,,,,,,,
39,4.7,20.8,0,33.7,3294.512,,,,,,,,,,,,
0,8.1,2,0,31.6,511.92,,,,,,,,,,,,
107,4.7,20.8,0,33.7,3294.512,,,,,,,,,,,,
77,3,8.9,0,31.3,835.71,,,,,,,,,,,,
43,4.2,29.5,0,25.4,3147.06,,,,,,,,,,,,
48,2.5,29.2,0,24.4,1781.2,,,,,,,,,,,,
48,5.1,21.3,0,28.6,3106.818,,,,,,,,,,,,
39,8,4.1,0,27.2,892.16,,,,,,,,,,,,
0,2.8,0,0,6.2,0,,,,,,,,,,,,
59,4.2,10.9,0,29.7,1359.666,,,,,,,,,,,,
43,3,8.9,0,31.3,835.71,,,,,,,,,,,,
59,5.1,0.8,0,29.8,121.584,,,,,,,,,,,,
46,5.7,40.6,0,20.2,4674.684,,,,,,,,,,,,
55,10.3,10.7,0,21.8,2402.578,,,,,,,,,,,,
36,5.1,0.8,0,29.8,121.584,,,,,,,,,,,,
47,7.6,4.8,0,8.4,306.432,,,,,,,,,,,,
105,4.7,24.6,0,18.5,2138.97,,,,,,,,,,,,
0,2.6,0,0,-3.8,0,,,,,,,,,,,,
35,5.1,0.8,0,29.8,121.584,,,,,,,,,,,,
0,6,0,0,11.1,0,,,,,,,,,,,,
0,2.1,0,0,17.5,0,,,,,,,,,,,,
0,7.2,0,0,23.9,0,,,,,,,,,,,,
46,2.9,3.6,0,25.7,268.308,,,,,,,,,,,,
0,4.8,0,0,25,0,,,,,,,,,,,,
31,3,46.2,0,23.4,3243.24,,,,,,,,,,,,
0,5.8,0,0,9.7,0,,,,,,,,,,,,
0,2.2,1.3,0,8.2,23.452,,,,,,,,,,,,
0,4.7,0,0,23.2,0,,,,,,,,,,,,
31,2.6,0,0,31.4,0,,,,,,,,,,,,
0,5.6,0,0,16.9,0,,,,,,,,,,,,
0,4,1.3,0,25.7,133.64,,,,,,,,,,,,
0,4,0,0,18.2,0,,,,,,,,,,,,
0,5.3,0,0,20.9,0,,,,,,,,,,,,
0,5.5,0,0,19.8,0,,,,,,,,,,,,
0,8.3,0,0,9.9,0,,,,,,,,,,,,
174,3.5,53.3,0,25.3,4719.715,,,,,,,,,,,,
0,4.4,0,0,32.7,0,,,,,,,,,,,,
33,2.9,3.6,0,25.7,268.308,,,,,,,,,,,,
105,2.6,0,0,31.4,0,,,,,,,,,,,,
0,9.2,44.5,0,10.5,4298.7,,,,,,,,,,,,
85,3.6,0,0,30.7,0,,,,,,,,,,,,
0,2.8,0,0,6.2,0,,,,,,,,,,,,
0,3.7,3,0,25.4,281.94,,,,,,,,,,,,
0,2.9,0,0,21.4,0,,,,,,,,,,,,
42,5.3,9.7,0,28.7,1475.467,,,,,,,,,,,,
57,5.9,0,0,16.3,0,,,,,,,,,,,,
236,4.7,20.8,0,33.7,3294.512,,,,,,,,,,,,
0,5.1,0.8,0,29.8,121.584,,,,,,,,,,,,
35,5.3,9.7,0,28.7,1475.467,,,,,,,,,,,,
0,5.5,0,0,28.2,0,,,,,,,,,,,,
94,2.9,3.6,0,25.7,268.308,,,,,,,,,,,,
296,5.1,21.3,0,28.6,3106.818,,,,,,,,,,,,
45,3,8.9,0,31.3,835.71,,,,,,,,,,,,
0,6.9,20.6,0,20.1,2857.014,,,,,,,,,,,,
0,3.4,0,0,5.8,0,,,,,,,,,,,,
283,2.9,3.6,0,25.7,268.308,,,,,,,,,,,,
242,2.9,3.6,0,25.7,268.308,,,,,,,,,,,,
160,4.2,29.5,0,25.4,3147.06,,,,,,,,,,,,
49,6.5,81.3,0,28.3,14955.135,,,,,,,,,,,,
0,7.4,0,0,17.3,0,,,,,,,,,,,,
49,5.1,21.3,0,28.6,3106.818,,,,,,,,,,,,
0,4.8,0,0,25,0,,,,,,,,,,,,
0,6.4,3,0,29.8,572.16,,,,,,,,,,,,
0,7.8,0,0,27.6,0,,,,,,,,,,,,
69,3.9,2,0,25.9,202.02,,,,,,,,,,,,
61,3.5,53.3,0,25.3,4719.715,,,,,,,,,,,,
0,2.6,0,0,16.3,0,,,,,,,,,,,,
38,3.6,10.2,0,26.3,965.736,,,,,,,,,,,,
44,3.5,53.3,0,25.3,4719.715,,,,,,,,,,,,
0,2.3,0,0,5.9,0,,,,,,,,,,,,
114,5.7,40.6,0,20.2,4674.684,,,,,,,,,,,,
30,5.1,0.8,0,29.8,121.584,,,,,,,,,,,,
91,2.5,29.2,0,24.4,1781.2,,,,,,,,,,,,
0,3,17,0,23.9,1218.9,,,,,,,,,,,,
0,4.6,0,0,7.3,0,,,,,,,,,,,,
0,10.3,10.7,0,21.8,2402.578,,,,,,,,,,,,
51,2.1,2,0,27.4,115.08,,,,,,,,,,,,
116,4,0,0,1.9,0,,,,,,,,,,,,
0,8.2,0,0,4.7,0,,,,,,,,,,,,
0,5.2,0,0,16.3,0,,,,,,,,,,,,
0,2.3,0,0,20.2,0,,,,,,,,,,,,
0,2.7,0,0,15.1,0,,,,,,,,,,,,
152,2.9,3.6,0,25.7,268.308,,,,,,,,,,,,
46,3,46.2,0,23.4,3243.24,,,,,,,,,,,,
39,7.6,4.8,0,8.4,306.432,,,,,,,,,,,,
72,2.9,3.6,0,25.7,268.308,,,,,,,,,,,,
85,3.6,0,0,28.7,0,,,,,,,,,,,,
64,2.9,3.6,0,25.7,268.308,,,,,,,,,,,,
71,10.3,10.7,0,21.8,2402.578,,,,,,,,,,,,
0,2.5,0,0,29.7,0,,,,,,,,,,,,
0,3.6,0,0,24.1,0,,,,,,,,,,,,
146,4.7,24.6,0,18.5,2138.97,,,,,,,,,,,,
44,2.6,0,0,31.4,0,,,,,,,,,,,,
0,3.7,0,0,21.6,0,,,,,,,,,,,,
0,4.6,8.9,0,19.6,802.424,,,,,,,,,,,,
59,2.1,2,0,27.4,115.08,,,,,,,,,,,,
0,5.1,0.8,0,29.8,121.584,,,,,,,,,,,,
0,4.2,0,0,29,0,,,,,,,,,,,,
222,4.7,20.8,0,33.7,3294.512,,,,,,,,,,,,
46,5.1,0.8,0,29.8,121.584,,,,,,,,,,,,
0,2.8,0,0,6.2,0,,,,,,,,,,,,
0,3.3,14.2,0,16.9,791.934,,,,,,,,,,,,
0,3.8,0,0,33.4,0,,,,,,,,,,,,
31,3,0.8,0,31.4,75.36,,,,,,,,,,,,
31,3.4,3,0,28,285.6,,,,,,,,,,,,
0,2.1,2,0,27.4,115.08,,,,,,,,,,,,
0,3.9,0,0,27.1,0,,,,,,,,,,,,
0,7.6,0,0,12.6,0,,,,,,,,,,,,
0,8,4.1,0,27.2,892.16,,,,,,,,,,,,
0,4.9,0,0,12.9,0,,,,,,,,,,,,
103,5.1,0.8,0,29.8,121.584,,,,,,,,,,,,
0,3,0.8,0,31.4,75.36,,,,,,,,,,,,
85,7.2,3.8,0,26.5,725.04,,,,,,,,,,,,
0,2.9,10.2,0,22.2,656.676,,,,,,,,,,,,
131,4.7,20.8,0,33.7,3294.512,,,,,,,,,,,,
0,5.7,40.6,0,20.2,4674.684,,,,,,,,,,,,
133,5.9,0,0,16.3,0,,,,,,,,,,,,
0,7.8,18.5,0,26.1,3766.23,,,,,,,,,,,,
133,2.5,29.2,0,24.4,1781.2,,,,,,,,,,,,
36,6.5,81.3,0,28.3,14955.135,,,,,,,,,,,,
0,2.3,0,0,22.2,0,,,,,,,,,,,,
74,2.5,29.2,0,24.4,1781.2,,,,,,,,,,,,
68,3.4,3,0,28,285.6,,,,,,,,,,,,
0,3.8,0,0,22.2,0,,,,,,,,,,,,
32,6.9,20.6,0,20.1,2857.014,,,,,,,,,,,,
34,3,46.2,0,23.4,3243.24,,,,,,,,,,,,
79,3,46.2,0,23.4,3243.24,,,,,,,,,,,,
0,3.8,0,0,22.2,0,,,,,,,,,,,,
0,2.7,0,0,6.8,0,,,,,,,,,,,,
0,4.2,0,0,18.6,0,,,,,,,,,,,,
126,3,46.2,0,23.4,3243.24,,,,,,,,,,,,
0,3.2,0.3,0,12.1,11.616,,,,,,,,,,,,
55,3,8.9,0,31.3,835.71,,,,,,,,,,,,
51,4.6,1.8,0,25.3,209.484,,,,,,,,,,,,
0,7,0,0,19.1,0,,,,,,,,,,,,
144,3,46.2,0,23.4,3243.24,,,,,,,,,,,,
124,10.3,10.7,0,21.8,2402.578,,,,,,,,,,,,
0,8.8,1,0,19.4,170.72,,,,,,,,,,,,
85,8,4.1,0,27.2,892.16,,,,,,,,,,,,
0,3.9,0,0,28.6,0,,,,,,,,,,,,
80,5.1,21.3,0,28.6,3106.818,,,,,,,,,,,,
60,7.1,3,0,22.6,481.38,,,,,,,,,,,,
34,2.5,29.2,0,24.4,1781.2,,,,,,,,,,,,
0,2,0,0,8.3,0,,,,,,,,,,,,
0,5.7,0,0,15.7,0,,,,,,,,,,,,
0,6.2,23.4,0,22.2,3220.776,,,,,,,,,,,,
0,4.9,2,0,16.9,165.62,,,,,,,,,,,,
104,5.1,0.8,0,29.8,121.584,,,,,,,,,,,,
0,5.9,0,0,14.4,0,,,,,,,,,,,,
0,4.5,0.5,0,17.6,39.6,,,,,,,,,,,,
72,4.7,24.6,0,18.5,2138.97,,,,,,,,,,,,
0,4,1.3,0,25.7,133.64,,,,,,,,,,,,
84,5.1,21.3,0,28.6,3106.818,,,,,,,,,,,,
78,4.2,10.9,0,29.7,1359.666,,,,,,,,,,,,
0,3.7,0,0,8.7,0,,,,,,,,,,,,
77,4.7,20.8,0,33.7,3294.512,,,,,,,,,,,,
0,8,4.1,0,27.2,892.16,,,,,,,,,,,,
0,4,0,0,18.2,0,,,,,,,,,,,,
40,4.6,1.8,0,25.3,209.484,,,,,,,,,,,,
0,3.5,0,0,7.1,0,,,,,,,,,,,,
66,6.5,81.3,0,28.3,14955.135,,,,,,,,,,,,
0,2.9,0.5,0,29.4,42.63,,,,,,,,,,,,
0,6.4,0,0,30.1,0,,,,,,,,,,,,
0,3.7,0,0,21.6,0,,,,,,,,,,,,
46,5.7,40.6,0,20.2,4674.684,,,,,,,,,,,,
0,2.6,0,0,-3.8,0,,,,,,,,,,,,
0,4.2,29.5,0,25.4,3147.06,,,,,,,,,,,,
0,3.4,0,0,32.3,0,,,,,,,,,,,,
92,3.4,3,0,28,285.6,,,,,,,,,,,,
142,10.3,10.7,0,21.8,2402.578,,,,,,,,,,,,
51,3,46.2,0,23.4,3243.24,,,,,,,,,,,,
0,2.2,0,0,29.7,0,,,,,,,,,,,,
0,3.3,19.8,0,6.7,437.778,,,,,,,,,,,,
0,6.6,0,0,19.4,0,,,,,,,,,,,,
0,2.3,0,0,29.6,0,,,,,,,,,,,,
0,5.9,0,0,27.8,0,,,,,,,,,,,,
174,5.1,21.3,0,28.6,3106.818,,,,,,,,,,,,
46,4.7,24.6,0,18.5,2138.97,,,,,,,,,,,,
0,6,0,0,21.7,0,,,,,,,,,,,,
0,6.4,0,0,13.7,0,,,,,,,,,,,,
0,4.1,0,0,28.8,0,,,,,,,,,,,,
0,4.1,0,0,33.3,0,,,,,,,,,,,,
37,5.7,40.6,0,20.2,4674.684,,,,,,,,,,,,
102,2.9,3.6,0,25.7,268.308,,,,,,,,,,,,
0,3.9,0,0,31.4,0,,,,,,,,,,,,
0,4.2,0,0,10,0,,,,,,,,,,,,
46,8.4,0,0,16,0,,,,,,,,,,,,
41,2.1,2,0,27.4,115.08,,,,,,,,,,,,
50,2.9,3.6,0,25.7,268.308,,,,,,,,,,,,
89,10.3,10.7,0,21.8,2402.578,,,,,,,,,,,,
0,2.4,0,0,13.6,0,,,,,,,,,,,,
47,3.6,0,0,28.7,0,,,,,,,,,,,,
143,3.5,53.3,0,25.3,4719.715,,,,,,,,,,,,
47,4.7,24.6,0,18.5,2138.97,,,,,,,,,,,,
39,6.9,20.6,0,20.1,2857.014,,,,,,,,,,,,
0,3.5,0,0,23.8,0,,,,,,,,,,,,
0,2.7,0,0,6.8,0,,,,,,,,,,,,
90,4.2,10.9,0,29.7,1359.666,,,,,,,,,,,,
0,4.1,0,0,33.3,0,,,,,,,,,,,,
0,5,14.5,0,16.4,1189,,,,,,,,,,,,
0,5.9,0,0,29.3,0,,,,,,,,,,,,
0,5.1,0,0,8.2,0,,,,,,,,,,,,
0,5.6,0,0,22.6,0,,,,,,,,,,,,
85,3,46.2,0,23.4,3243.24,,,,,,,,,,,,
0,3.2,0,0,17.9,0,,,,,,,,,,,,
107,3,46.2,0,23.4,3243.24,,,,,,,,,,,,
56,3.6,10.2,0,26.3,965.736,,,,,,,,,,,,
144,3.5,53.3,0,25.3,4719.715,,,,,,,,,,,,
0,2.6,0,0,31.4,0,,,,,,,,,,,,
0,3.4,0,0,23.1,0,,,,,,,,,,,,
93,4.2,10.9,0,29.7,1359.666,,,,,,,,,,,,
0,3.2,28.4,0,19.7,1790.336,,,,,,,,,,,,
0,3.4,3,0,28,285.6,,,,,,,,,,,,
0,10.3,10.7,0,21.8,2402.578,,,,,,,,,,,,
0,3.7,0,0,13.2,0,,,,,,,,,,,,
96,4.7,24.6,0,18.5,2138.97,,,,,,,,,,,,
53,4.7,24.6,0,18.5,2138.97,,,,,,,,,,,,
0,5.5,0,0,28.2,0,,,,,,,,,,,,
80,2.9,3.6,0,25.7,268.308,,,,,,,,,,,,
210,5.1,21.3,0,28.6,3106.818,,,,,,,,,,,,
0,4.8,2,0,15.6,149.76,,,,,,,,,,,,
0,4.6,0,0,10.2,0,,,,,,,,,,,,
0,6.1,0.3,0,25.9,47.397,,,,,,,,,,,,
38,5.1,0.8,0,29.8,121.584,,,,,,,,,,,,
51,4.7,20.8,0,33.7,3294.512,,,,,,,,,,,,
278,4.6,1.8,0,25.3,209.484,,,,,,,,,,,,
0,7,0,0,27.7,0,,,,,,,,,,,,
0,3.9,1.5,0,11,64.35,,,,,,,,,,,,
0,4,0.3,0,15.3,18.36,,,,,,,,,,,,
54,4.7,24.6,0,18.5,2138.97,,,,,,,,,,,,
257,4.2,29.5,0,25.4,3147.06,,,,,,,,,,,,
147,2.5,29.2,0,24.4,1781.2,,,,,,,,,,,,
0,4.6,0,0,29.1,0,,,,,,,,,,,,
0,4.5,0,0,33.5,0,,,,,,,,,,,,
59,2.9,0,0,30.1,0,,,,,,,,,,,,
47,10.3,10.7,0,21.8,2402.578,,,,,,,,,,,,
0,2.8,0,0,6.2,0,,,,,,,,,,,,
0,4.6,0.8,0,25.4,93.472,,,,,,,,,,,,
85,5.7,40.6,0,20.2,4674.684,,,,,,,,,,,,
93,6.5,81.3,0,28.3,14955.135,,,,,,,,,,,,
90,3.5,53.3,0,25.3,4719.715,,,,,,,,,,,,
0,5.8,0,0,9.7,0,,,,,,,,,,,,
43,8,4.1,0,27.2,892.16,,,,,,,,,,,,
39,5.7,40.6,0,20.2,4674.684,,,,,,,,,,,,
51,7.6,4.8,0,8.4,306.432,,,,,,,,,,,,
0,3.2,28.4,0,19.7,1790.336,,,,,,,,,,,,
0,6.7,0,0,30.9,0,,,,,,,,,,,,
0,6,0,0,32.2,0,,,,,,,,,,,,
80,3,46.2,0,23.4,3243.24,,,,,,,,,,,,
55,3,46.2,0,23.4,3243.24,,,,,,,,,,,,
0,2.9,0,0,2.7,0,,,,,,,,,,,,
41,5.3,9.7,0,28.7,1475.467,,,,,,,,,,,,
51,7.2,3.8,0,26.5,725.04,,,,,,,,,,,,
82,10.3,10.7,0,21.8,2402.578,,,,,,,,,,,,
0,3.4,3,0,28,285.6,,,,,,,,,,,,
39,3,8.9,0,31.3,835.71,,,,,,,,,,,,
130,4.6,1.8,0,25.3,209.484,,,,,,,,,,,,
32,3.5,53.3,0,25.3,4719.715,,,,,,,,,,,,
62,4.6,1.8,0,25.3,209.484,,,,,,,,,,,,
0,2.6,0,0,25,0,,,,,,,,,,,,
0,4.3,0,0,15.9,0,,,,,,,,,,,,
0,5.5,0,0,20,0,,,,,,,,,,,,
0,3.5,0,0,23,0,,,,,,,,,,,,
30,3,46.2,0,23.4,3243.24,,,,,,,,,,,,
0,5,2.8,0,26.7,373.8,,,,,,,,,,,,
0,3.4,0,0,23.1,0,,,,,,,,,,,,
0,3.8,0,0,22.2,0,,,,,,,,,,,,
0,7.1,3,0,22.6,481.38,,,,,,,,,,,,
35,5.1,0.8,0,29.8,121.584,,,,,,,,,,,,
0,6.2,0,0,31.7,0,,,,,,,,,,,,
0,4.2,0,0,29,0,,,,,,,,,,,,
207,10.3,10.7,0,21.8,2402.578,,,,,,,,,,,,
90,5.7,40.6,0,20.2,4674.684,,,,,,,,,,,,
92,5.7,40.6,0,20.2,4674.684,,,,,,,,,,,,
70,4.6,1.8,0,25.3,209.484,,,,,,,,,,,,
94,2.5,29.2,0,24.4,1781.2,,,,,,,,,,,,
39,6.9,20.6,0,20.1,2857.014,,,,,,,,,,,,
153,4.6,1.8,0,25.3,209.484,,,,,,,,,,,,
171,4.7,20.8,0,33.7,3294.512,,,,,,,,,,,,
0,4.8,0,0,17.6,0,,,,,,,,,,,,
0,5.7,40.6,0,20.2,4674.684,,,,,,,,,,,,
0,3.9,0,0,13.9,0,,,,,,,,,,,,
0,3.3,0,0,15.4,0,,,,,,,,,,,,
35,4.7,20.8,0,33.7,3294.512,,,,,,,,,,,,
0,8.4,0,0,31,0,,,,,,,,,,,,
44,5.3,0,0,16.2,0,,,,,,,,,,,,
0,7.9,0,0,10.2,0,,,,,,,,,,,,
0,3.3,0,0,21.9,0,,,,,,,,,,,,
82,5.9,0,0,16.3,0,,,,,,,,,,,,
50,5.1,21.3,0,28.6,3106.818,,,,,,,,,,,,
218,3.5,53.3,0,25.3,4719.715,,,,,,,,,,,,
0,4.3,4.6,0,20.1,397.578,,,,,,,,,,,,
36,3,8.9,0,31.3,835.71,,,,,,,,,,,,
0,3.2,0,0,18.2,0,,,,,,,,,,,,
0,3.2,0,0,3.5,0,,,,,,,,,,,,
43,3,46.2,0,23.4,3243.24,,,,,,,,,,,,
94,4.2,10.9,0,29.7,1359.666,,,,,,,,,,,,
30,5.1,21.3,0,28.6,3106.818,,,,,,,,,,,,
222,4.6,1.8,0,25.3,209.484,,,,,,,,,,,,
0,7.2,3.8,0,26.5,725.04,,,,,,,,,,,,
80,3,8.9,0,31.3,835.71,,,,,,,,,,,,
0,3,0,0,28.4,0,,,,,,,,,,,,
0,3.2,0,0,18.2,0,,,,,,,,,,,,
134,4.6,1.8,0,25.3,209.484,,,,,,,,,,,,
63,8,4.1,0,27.2,892.16,,,,,,,,,,,,
0,3,0,0,29.2,0,,,,,,,,,,,,
0,2.6,1.5,0,19.1,74.49,,,,,,,,,,,,
80,4.7,24.6,0,18.5,2138.97,,,,,,,,,,,,
0,3.9,0,0,13.9,0,,,,,,,,,,,,
0,3,2,0,26.4,158.4,,,,,,,,,,,,
84,4.2,10.9,0,29.7,1359.666,,,,,,,,,,,,
0,6.8,0,0,16.4,0,,,,,,,,,,,,
0,3.2,28.4,0,19.7,1790.336,,,,,,,,,,,,
0,6.8,0,0,18.5,0,,,,,,,,,,,,
0,4.5,0,0,16.6,0,,,,,,,,,,,,
0,3.9,0,0,31.4,0,,,,,,,,,,,,
0,3.9,0,0,28.6,0,,,,,,,,,,,,
91,4.2,10.9,0,29.7,1359.666,,,,,,,,,,,,
39,6.5,81.3,0,28.3,14955.135,,,,,,,,,,,,
33,4.2,10.9,0,29.7,1359.666,,,,,,,,,,,,
36,6.9,20.6,0,20.1,2857.014,,,,,,,,,,,,
30,5.1,21.3,0,28.6,3106.818,,,,,,,,,,,,
39,3.6,10.2,0,26.3,965.736,,,,,,,,,,,,
76,6.5,81.3,0,28.3,14955.135,,,,,,,,,,,,
0,6.5,0,0,30.4,0,,,,,,,,,,,,
0,3.2,0,0,17.9,0,,,,,,,,,,,,
0,4.3,0,0,30.6,0,,,,,,,,,,,,
0,2.9,0,0,30.3,0,,,,,,,,,,,,
0,2.5,0,0,28.5,0,,,,,,,,,,,,
0,6.8,0,0,21.1,0,,,,,,,,,,,,
628,2.4,0,0,15,0,,,,,,,,,,,,
46,2.1,2,0,27.4,115.08,,,,,,,,,,,,
0,6.8,0,0,16.4,0,,,,,,,,,,,,
57,3.6,0,0,28.7,0,,,,,,,,,,,,
0,5.2,0,0,16.3,0,,,,,,,,,,,,
0,4.8,0,0,16.4,0,,,,,,,,,,,,
0,7.4,0,0,17.3,0,,,,,,,,,,,,
0,2.7,0,0,15.1,0,,,,,,,,,,,,
110,6.5,81.3,0,28.3,14955.135,,,,,,,,,,,,
38,2.6,0,0,31.4,0,,,,,,,,,,,,
32,3.4,3,0,28,285.6,,,,,,,,,,,,
40,3.4,3,0,28,285.6,,,,,,,,,,,,
55,4.7,20.8,0,33.7,3294.512,,,,,,,,,,,,
0,3.8,0,0,32.9,0,,,,,,,,,,,,
40,5.1,21.3,0,28.6,3106.818,,,,,,,,,,,,
0,6.9,20.6,0,20.1,2857.014,,,,,,,,,,,,
0,5,0,0,29.2,0,,,,,,,,,,,,
264,4.7,20.8,0,33.7,3294.512,,,,,,,,,,,,
0,3.8,0,0,23,0,,,,,,,,,,,,
0,3.2,0,0,3.5,0,,,,,,,,,,,,
36,3.6,10.2,0,26.3,965.736,,,,,,,,,,,,
0,5.6,0,0,13.4,0,,,,,,,,,,,,
0,3,17,0,23.9,1218.9,,,,,,,,,,,,
31,5.3,9.7,0,28.7,1475.467,,,,,,,,,,,,
39,7.6,4.8,0,8.4,306.432,,,,,,,,,,,,
40,2.6,0,0,31.4,0,,,,,,,,,,,,
55,4.2,29.5,0,25.4,3147.06,,,,,,,,,,,,
95,4.6,1.8,0,25.3,209.484,,,,,,,,,,,,
105,2.5,29.2,0,24.4,1781.2,,,,,,,,,,,,
0,3.9,0,0,31.4,0,,,,,,,,,,,,
88,3.5,53.3,0,25.3,4719.715,,,,,,,,,,,,
59,7.1,3,0,22.6,481.38,,,,,,,,,,,,
33,4.7,24.6,0,18.5,2138.97,,,,,,,,,,,,
202,3,46.2,0,23.4,3243.24,,,,,,,,,,,,
53,6.9,20.6,0,20.1,2857.014,,,,,,,,,,,,
35,3,8.9,0,31.3,835.71,,,,,,,,,,,,
39,2.9,0,0,30.1,0,,,,,,,,,,,,
107,4.7,20.8,0,33.7,3294.512,,,,,,,,,,,,
38,8,4.1,0,27.2,892.16,,,,,,,,,,,,
245,3.5,53.3,0,25.3,4719.715,,,,,,,,,,,,
113,4.7,20.8,0,33.7,3294.512,,,,,,,,,,,,
0,2.9,0.5,0,29.4,42.63,,,,,,,,,,,,
0,2.5,0,0,6.7,0,,,,,,,,,,,,
0,2.2,1.3,0,8.2,23.452,,,,,,,,,,,,
60,4.6,1.8,0,25.3,209.484,,,,,,,,,,,,
0,4.6,0.8,0,25.4,93.472,,,,,,,,,,,,
0,4,0,0,18.2,0,,,,,,,,,,,,
0,2.2,0,0,22.6,0,,,,,,,,,,,,
45,3.6,10.2,0,26.3,965.736,,,,,,,,,,,,
85,2.9,0,0,30.1,0,,,,,,,,,,,,
0,4.9,0,0,22.9,0,,,,,,,,,,,,
44,3.9,2,0,25.9,202.02,,,,,,,,,,,,
0,7,0,0,28.6,0,,,,,,,,,,,,
103,4.6,1.8,0,25.3,209.484,,,,,,,,,,,,
0,2.2,0,0,19.9,0,,,,,,,,,,,,
92,4.2,29.5,0,25.4,3147.06,,,,,,,,,,,,
51,5.3,9.7,0,28.7,1475.467,,,,,,,,,,,,
48,3,46.2,0,23.4,3243.24,,,,,,,,,,,,
0,4.6,0,0,30.6,0,,,,,,,,,,,,
0,5.7,0,0,4.2,0,,,,,,,,,,,,
0,6.4,0,0,19.2,0,,,,,,,,,,,,
37,3.5,53.3,0,25.3,4719.715,,,,,,,,,,,,
0,4,0,0,18.2,0,,,,,,,,,,,,
53,4.7,24.6,0,18.5,2138.97,,,,,,,,,,,,
95,5.7,40.6,0,20.2,4674.684,,,,,,,,,,,,
118,7.2,3.8,0,26.5,725.04,,,,,,,,,,,,
231,2.9,3.6,0,25.7,268.308,,,,,,,,,,,,
163,3,46.2,0,23.4,3243.24,,,,,,,,,,,,
0,4.2,0,0,18.6,0,,,,,,,,,,,,
58,7.2,0,0,21.7,0,,,,,,,,,,,,
40,3.6,10.2,0,26.3,965.736,,,,,,,,,,,,
46,7.6,0,0,-4.6,0,,,,,,,,,,,,
137,5.1,0.8,0,29.8,121.584,,,,,,,,,,,,
0,5.6,0,0,16.9,0,,,,,,,,,,,,
214,4.2,29.5,0,25.4,3147.06,,,,,,,,,,,,
0,6.2,7.9,0,26.1,1278.378,,,,,,,,,,,,
0,3.5,0,0,23,0,,,,,,,,,,,,
61,7.2,3.8,0,26.5,725.04,,,,,,,,,,,,
58,2.6,0,0,31.4,0,,,,,,,,,,,,
184,4.7,24.6,0,18.5,2138.97,,,,,,,,,,,,
32,5.7,40.6,0,20.2,4674.684,,,,,,,,,,,,
0,5.2,0,0,24,0,,,,,,,,,,,,
0,3.8,0,0,32.9,0,,,,,,,,,,,,
36,3.4,3,0,28,285.6,,,,,,,,,,,,
59,5.1,21.3,0,28.6,3106.818,,,,,,,,,,,,
38,4.6,1.8,0,25.3,209.484,,,,,,,,,,,,
0,8.4,0,0,22.4,0,,,,,,,,,,,,
200,4.7,20.8,0,33.7,3294.512,,,,,,,,,,,,
38,5.7,40.6,0,20.2,4674.684,,,,,,,,,,,,
59,2.5,29.2,0,24.4,1781.2,,,,,,,,,,,,
0,8.1,2,0,31.6,511.92,,,,,,,,,,,,
64,10.3,10.7,0,21.8,2402.578,,,,,,,,,,,,
94,7.6,4.8,0,8.4,306.432,,,,,,,,,,,,
32,7.1,3,0,22.6,481.38,,,,,,,,,,,,
72,4.7,20.8,0,33.7,3294.512,,,,,,,,,,,,
0,2.8,0,0,20.1,0,,,,,,,,,,,,
162,5.9,0,0,16.3,0,,,,,,,,,,,,
0,2.2,0,0,22.6,0,,,,,,,,,,,,
0,2.2,0,0,12.7,0,,,,,,,,,,,,
0,5,0,0,20.3,0,,,,,,,,,,,,
80,10.3,10.7,0,21.8,2402.578,,,,,,,,,,,,
84,4.2,29.5,0,25.4,3147.06,,,,,,,,,,,,
0,5.4,0,0,10.6,0,,,,,,,,,,,,
0,2.4,3.6,0,9.8,84.672,,,,,,,,,,,,
0,7.8,18.5,0,26.1,3766.23,,,,,,,,,,,,
56,4.7,24.6,0,18.5,2138.97,,,,,,,,,,,,
65,5.1,21.3,0,28.6,3106.818,,,,,,,,,,,,
36,6.9,20.6,0,20.1,2857.014,,,,,,,,,,,,
33,3,8.9,0,31.3,835.71,,,,,,,,,,,,
109,6.5,81.3,0,28.3,14955.135,,,,,,,,,,,,
209,4.7,24.6,0,18.5,2138.97,,,,,,,,,,,,
46,6.9,20.6,0,20.1,2857.014,,,,,,,,,,,,
69,8,4.1,0,27.2,892.16,,,,,,,,,,,,
49,3.6,10.2,0,26.3,965.736,,,,,,,,,,,,
55,4.7,20.8,0,33.7,3294.512,,,,,,,,,,,,
0,3.2,0,0,3.5,0,,,,,,,,,,,,
0,5.4,0,0,29.2,0,,,,,,,,,,,,
43,7.6,4.8,0,8.4,306.432,,,,,,,,,,,,
0,6,0,0,32.2,0,,,,,,,,,,,,
0,6.8,0,0,16.4,0,,,,,,,,,,,,
54,6.9,20.6,0,20.1,2857.014,,,,,,,,,,,,
0,3.3,0,0,18.3,0,,,,,,,,,,,,
0,3.9,0,0,31.4,0,,,,,,,,,,,,
226,2.5,29.2,0,24.4,1781.2,,,,,,,,,,,,
121,7.8,18.5,0,26.1,3766.23,,,,,,,,,,,,
35,8.1,2,0,31.6,511.92,,,,,,,,,,,,
0,5,0,0,9.4,0,,,,,,,,,,,,
0,4.7,20.8,0,33.7,3294.512,,,,,,,,,,,,
59,4.6,1.8,0,25.3,209.484,,,,,,,,,,,,
38,8,4.1,0,27.2,892.16,,,,,,,,,,,,
30,2.9,3.6,0,25.7,268.308,,,,,,,,,,,,
0,3.3,0,0,15.4,0,,,,,,,,,,,,
31,4.7,24.6,0,18.5,2138.97,,,,,,,,,,,,
62,3,46.2,0,23.4,3243.24,,,,,,,,,,,,
0,6.3,0,0,31.1,0,,,,,,,,,,,,
0,2.7,0,0,6.8,0,,,,,,,,,,,,
0,3.6,1,0,17.3,62.28,,,,,,,,,,,,
69,4.7,20.8,0,33.7,3294.512,,,,,,,,,,,,
109,7.2,3.8,0,26.5,725.04,,,,,,,,,,,,
0,5,14.5,0,16.4,1189,,,,,,,,,,,,
36,7.1,3,0,22.6,481.38,,,,,,,,,,,,
46,5.9,14.7,0,21.7,1882.041,,,,,,,,,,,,
78,3.5,53.3,0,25.3,4719.715,,,,,,,,,,,,
135,5,14.5,0,16.4,1189,,,,,,,,,,,,
0,2.6,0,0,25,0,,,,,,,,,,,,
0,6.8,0,0,16.4,0,,,,,,,,,,,,
0,6.7,0,0,24.9,0,,,,,,,,,,,,
0,4.7,0,0,23.2,0,,,,,,,,,,,,
0,4.5,0,0,16.6,0,,,,,,,,,,,,
0,8.4,0,0,22.4,0,,,,,,,,,,,,
81,4.2,10.9,0,29.7,1359.666,,,,,,,,,,,,
112,3.5,53.3,0,25.3,4719.715,,,,,,,,,,,,
0,6.1,41.7,0,22.4,5697.888,,,,,,,,,,,,
0,4.2,0,0,29.8,0,,,,,,,,,,,,
64,5.9,0,0,16.3,0,,,,,,,,,,,,
45,3,8.9,0,31.3,835.71,,,,,,,,,,,,
152,2.6,0,0,31.4,0,,,,,,,,,,,,
68,5.9,14.7,0,21.7,1882.041,,,,,,,,,,,,
0,1.9,0,0,24.4,0,,,,,,,,,,,,
62,2.9,3.6,0,25.7,268.308,,,,,,,,,,,,
0,1.9,0,0,24.4,0,,,,,,,,,,,,
0,3.2,0,0,3.5,0,,,,,,,,,,,,
34,5.1,0.8,0,29.8,121.584,,,,,,,,,,,,
0,3.8,0,0,23,0,,,,,,,,,,,,
117,4.7,24.6,0,18.5,2138.97,,,,,,,,,,,,
204,3,8.9,0,31.3,835.71,,,,,,,,,,,,
0,5.3,15.2,0,16.5,1329.24,,,,,,,,,,,,
0,3.9,12.2,0,17.4,827.892,,,,,,,,,,,,
0,5.3,0,0,20.9,0,,,,,,,,,,,,
62,2.9,3.6,0,25.7,268.308,,,,,,,,,,,,
48,5.7,40.6,0,20.2,4674.684,,,,,,,,,,,,
51,8,4.1,0,27.2,892.16,,,,,,,,,,,,
33,4.7,24.6,0,18.5,2138.97,,,,,,,,,,,,
0,5.2,0,0,24,0,,,,,,,,,,,,
0,4.2,0,0,29,0,,,,,,,,,,,,
0,6.7,0,0,24.9,0,,,,,,,,,,,,
64,7.2,3.8,0,26.5,725.04,,,,,,,,,,,,
0,2.1,0,0,17.5,0,,,,,,,,,,,,
180,4.6,1.8,0,25.3,209.484,,,,,,,,,,,,
118,4.2,29.5,0,25.4,3147.06,,,,,,,,,,,,
0,3.7,0,0,8.7,0,,,,,,,,,,,,
70,6.5,81.3,0,28.3,14955.135,,,,,,,,,,,,
47,4.2,29.5,0,25.4,3147.06,,,,,,,,,,,,
0,5.4,0,0,29.2,0,,,,,,,,,,,,
0,4.2,0,0,29.8,0,,,,,,,,,,,,
55,3,46.2,0,23.4,3243.24,,,,,,,,,,,,
0,4.8,0,0,17.6,0,,,,,,,,,,,,
0,3.4,3,0,28,285.6,,,,,,,,,,,,
0,3.9,0,0,28.6,0,,,,,,,,,,,,
38,5.3,9.7,0,28.7,1475.467,,,,,,,,,,,,
0,7.6,0,0,31.2,0,,,,,,,,,,,,
36,2.5,29.2,0,24.4,1781.2,,,,,,,,,,,,
34,3,8.9,0,31.3,835.71,,,,,,,,,,,,
0,4.6,8.9,0,19.6,802.424,,,,,,,,,,,,
0,3.8,0,0,24,0,,,,,,,,,,,,
40,6.2,23.4,0,22.2,3220.776,,,,,,,,,,,,
0,7.2,0,0,3.3,0,,,,,,,,,,,,
50,8,4.1,0,27.2,892.16,,,,,,,,,,,,
95,3,46.2,0,23.4,3243.24,,,,,,,,,,,,
0,8.3,0,0,30.6,0,,,,,,,,,,,,
0,3.8,0,0,29.3,0,,,,,,,,,,,,
0,2.9,0,0,26.5,0,,,,,,,,,,,,
61,5.7,40.6,0,20.2,4674.684,,,,,,,,,,,,
0,5.3,0,0,16.2,0,,,,,,,,,,,,
0,8.3,0,0,18.8,0,,,,,,,,,,,,
67,3.5,53.3,0,25.3,4719.715,,,,,,,,,,,,
34,6.9,20.6,0,20.1,2857.014,,,,,,,,,,,,
87,7.2,3.8,0,26.5,725.04,,,,,,,,,,,,
39,2.9,0,0,30.1,0,,,,,,,,,,,,
0,2.3,0,0,30.9,0,,,,,,,,,,,,
290,3,46.2,0,23.4,3243.24,,,,,,,,,,,,
0,4.7,0,0,20.5,0,,,,,,,,,,,,
144,5.7,40.6,0,20.2,4674.684,,,,,,,,,,,,
57,2.9,3.6,0,25.7,268.308,,,,,,,,,,,,
0,5.6,0,0,30.3,0,,,,,,,,,,,,
36,3,46.2,0,23.4,3243.24,,,,,,,,,,,,
36,3.4,3,0,28,285.6,,,,,,,,,,,,
43,6.9,20.6,0,20.1,2857.014,,,,,,,,,,,,
0,4.9,2,0,16.9,165.62,,,,,,,,,,,,
51,5.1,0.8,0,29.8,121.584,,,,,,,,,,,,
0,7.8,0,0,30.3,0,,,,,,,,,,,,
0,2.6,0,0,25,0,,,,,,,,,,,,
0,2.2,0,0,20,0,,,,,,,,,,,,
0,4.8,0,0,17.6,0,,,,,,,,,,,,
0,4,0.3,0,15.3,18.36,,,,,,,,,,,,
50,3,8.9,0,31.3,835.71,,,,,,,,,,,,
0,3.6,0,0,30.7,0,,,,,,,,,,,,
0,4.2,0,0,29.8,0,,,,,,,,,,,,
214,3,46.2,0,23.4,3243.24,,,,,,,,,,,,
0,5,14.5,0,16.4,1189,,,,,,,,,,,,
73,4.7,20.8,0,33.7,3294.512,,,,,,,,,,,,
93,4.2,10.9,0,29.7,1359.666,,,,,,,,,,,,
0,4.8,2,0,15.6,149.76,,,,,,,,,,,,
98,3,46.2,0,23.4,3243.24,,,,,,,,,,,,
31,2.5,29.2,0,24.4,1781.2,,,,,,,,,,,,
447,7.8,18.5,0,26.1,3766.23,,,,,,,,,,,,
111,3.5,53.3,0,25.3,4719.715,,,,,,,,,,,,
0,3.4,0,0,5.8,0,,,,,,,,,,,,
195,4.2,29.5,0,25.4,3147.06,,,,,,,,,,,,
0,7,0,0,19.1,0,,,,,,,,,,,,
0,3.9,0,0,31.8,0,,,,,,,,,,,,
0,4.6,0,0,30.6,0,,,,,,,,,,,,
0,7,0,0,28.6,0,,,,,,,,,,,,
81,2.9,3.6,0,25.7,268.308,,,,,,,,,,,,
110,2.9,3.6,0,25.7,268.308,,,,,,,,,,,,
0,2.8,0,0,6.2,0,,,,,,,,,,,,
41,4.7,24.6,0,18.5,2138.97,,,,,,,,,,,,
0,5.1,1,0,23.4,119.34,,,,,,,,,,,,
0,5.9,0,0,27.8,0,,,,,,,,,,,,
0,4,0,0,1.9,0,,,,,,,,,,,,
0,3.8,3,0,24.7,281.58,,,,,,,,,,,,
61,4.7,20.8,0,33.7,3294.512,,,,,,,,,,,,
93,4.2,10.9,0,29.7,1359.666,,,,,,,,,,,,
0,1.6,0,0,20.7,0,,,,,,,,,,,,
69,10.3,10.7,0,21.8,2402.578,,,,,,,,,,,,
0,4.6,8.9,0,19.6,802.424,,,,,,,,,,,,
0,5,14.5,0,16.4,1189,,,,,,,,,,,,
0,3,3.6,0,18.3,197.64,,,,,,,,,,,,
0,7.1,3,0,22.6,481.38,,,,,,,,,,,,
130,6.5,81.3,0,28.3,14955.135,,,,,,,,,,,,
0,2.9,0,0,17.7,0,,,,,,,,,,,,
0,3.6,0,0,24.1,0,,,,,,,,,,,,
0,6.5,0,0,26.6,0,,,,,,,,,,,,
0,4.8,2,0,15.6,149.76,,,,,,,,,,,,
0,4.2,10.9,0,29.7,1359.666,,,,,,,,,,,,
0,5.3,15.2,0,16.5,1329.24,,,,,,,,,,,,
68,2.9,3.6,0,25.7,268.308,,,,,,,,,,,,
0,3.6,0,0,28.7,0,,,,,,,,,,,,
81,2.9,0,0,30.1,0,,,,,,,,,,,,
0,6,0,0,32.2,0,,,,,,,,,,,,
367,4.7,20.8,0,33.7,3294.512,,,,,,,,,,,,
0,10.3,10.7,0,21.8,2402.578,,,,,,,,,,,,
69,2.7,30.7,0,18.1,1500.309,,,,,,,,,,,,
0,5.8,0,0,9.7,0,,,,,,,,,,,,
0,5.9,0,0,16.3,0,,,,,,,,,,,,
265,2.5,29.2,0,24.4,1781.2,,,,,,,,,,,,
0,7.2,0,0,10.7,0,,,,,,,,,,,,
53,7.6,4.8,0,8.4,306.432,,,,,,,,,,,,
0,2.9,0,0,19.2,0,,,,,,,,,,,,
0,4.9,0,0,27.4,0,,,,,,,,,,,,
0,4.2,0,0,29,0,,,,,,,,,,,,
0,4.3,2.5,0,14.1,151.575,,,,,,,,,,,,
31,6.2,23.4,0,22.2,3220.776,,,,,,,,,,,,
94,4.2,10.9,0,29.7,1359.666,,,,,,,,,,,,
0,6.5,81.3,0,28.3,14955.135,,,,,,,,,,,,
0,1.9,0,0,24.4,0,,,,,,,,,,,,
44,3.4,3,0,28,285.6,,,,,,,,,,,,
0,5.6,0,0,30.1,0,,,,,,,,,,,,
0,3,0,0,29.2,0,,,,,,,,,,,,
0,4.1,0,0,33.3,0,,,,,,,,,,,,
50,3,8.9,0,31.3,835.71,,,,,,,,,,,,
30,4.7,24.6,0,18.5,2138.97,,,,,,,,,,,,
0,3.7,0,0,4.3,0,,,,,,,,,,,,
54,7.6,4.8,0,8.4,306.432,,,,,,,,,,,,
0,4.6,0,0,32.9,0,,,,,,,,,,,,
83,3.9,2,0,25.9,202.02,,,,,,,,,,,,
41,5.3,9.7,0,28.7,1475.467,,,,,,,,,,,,
47,6.3,0,0,19.4,0,,,,,,,,,,,,
66,7.6,4.8,0,8.4,306.432,,,,,,,,,,,,
0,3.8,0,0,32.3,0,,,,,,,,,,,,
70,10.3,10.7,0,21.8,2402.578,,,,,,,,,,,,
0,7.8,0,0,27.6,0,,,,,,,,,,,,
90,5.1,0.8,0,29.8,121.584,,,,,,,,,,,,
101,4.2,10.9,0,29.7,1359.666,,,,,,,,,,,,
0,1.8,0,0,28.8,0,,,,,,,,,,,,
105,3.5,53.3,0,25.3,4719.715,,,,,,,,,,,,
0,3.3,0,0,21.1,0,,,,,,,,,,,,
63,3.4,3,0,28,285.6,,,,,,,,,,,,
0,3.8,0,0,13.3,0,,,,,,,,,,,,
99,4.2,10.9,0,29.7,1359.666,,,,,,,,,,,,
140,3,46.2,0,23.4,3243.24,,,,,,,,,,,,
56,7.1,3,0,22.6,481.38,,,,,,,,,,,,
41,2.1,2,0,27.4,115.08,,,,,,,,,,,,
32,2.1,2,0,27.4,115.08,,,,,,,,,,,,
0,7.9,0,0,10.2,0,,,,,,,,,,,,
0,2.7,0,0,6.8,0,,,,,,,,,,,,
0,4.2,0,0,7.6,0,,,,,,,,,,,,
41,3.6,10.2,0,26.3,965.736,,,,,,,,,,,,
0,3.5,0,0,7.1,0,,,,,,,,,,,,
54,3,8.9,0,31.3,835.71,,,,,,,,,,,,
0,7.1,3,0,22.6,481.38,,,,,,,,,,,,
39,3,46.2,0,23.4,3243.24,,,,,,,,,,,,
200,5.1,21.3,0,28.6,3106.818,,,,,,,,,,,,
0,8.3,0,0,30.6,0,,,,,,,,,,,,
92,3,46.2,0,23.4,3243.24,,,,,,,,,,,,
70,3.4,3,0,28,285.6,,,,,,,,,,,,
0,3.8,0,0,20.3,0,,,,,,,,,,,,
87,4.2,10.9,0,29.7,1359.666,,,,,,,,,,,,
0,3.8,0,0,20.1,0,,,,,,,,,,,,
0,2.9,0,0,30.1,0,,,,,,,,,,,,
130,4.2,29.5,0,25.4,3147.06,,,,,,,,,,,,
33,4.7,24.6,0,18.5,2138.97,,,,,,,,,,,,
97,3.5,53.3,0,25.3,4719.715,,,,,,,,,,,,
52,4.7,20.8,0,33.7,3294.512,,,,,,,,,,,,
34,4.6,1.8,0,25.3,209.484,,,,,,,,,,,,
77,3.5,53.3,0,25.3,4719.715,,,,,,,,,,,,
0,3.6,0,0,10.5,0,,,,,,,,,,,,
0,5.2,0,0,19.4,0,,,,,,,,,,,,
0,2.2,1.3,0,8.2,23.452,,,,,,,,,,,,
0,4,0,0,1.9,0,,,,,,,,,,,,
36,8,4.1,0,27.2,892.16,,,,,,,,,,,,
30,2.5,29.2,0,24.4,1781.2,,,,,,,,,,,,
0,9.2,44.5,0,10.5,4298.7,,,,,,,,,,,,
43,5.9,0,0,16.3,0,,,,,,,,,,,,
68,2.5,29.2,0,24.4,1781.2,,,,,,,,,,,,
0,2.6,0,0,16.3,0,,,,,,,,,,,,
0,8.2,0,0,4.7,0,,,,,,,,,,,,
158,6.5,81.3,0,28.3,14955.135,,,,,,,,,,,,
120,2.3,0,0,22.4,0,,,,,,,,,,,,
0,6.4,0,0,19.2,0,,,,,,,,,,,,
40,4.7,24.6,0,18.5,2138.97,,,,,,,,,,,,
93,4.2,10.9,0,29.7,1359.666,,,,,,,,,,,,
0,2.7,0,0,22.4,0,,,,,,,,,,,,
0,1.8,0,0,28.8,0,,,,,,,,,,,,
66,4.6,1.8,0,25.3,209.484,,,,,,,,,,,,
49,3,46.2,0,23.4,3243.24,,,,,,,,,,,,
0,6.6,0,0,19.4,0,,,,,,,,,,,,
39,4.6,1.8,0,25.3,209.484,,,,,,,,,,,,
93,4.2,10.9,0,29.7,1359.666,,,,,,,,,,,,
0,8.2,0,0,4.7,0,,,,,,,,,,,,
90,4.7,20.8,0,33.7,3294.512,,,,,,,,,,,,
0,2.7,0,0,28.1,0,,,,,,,,,,,,
181,6.6,0,0,19.4,0,,,,,,,,,,,,
42,3.6,10.2,0,26.3,965.736,,,,,,,,,,,,
149,2.5,29.2,0,24.4,1781.2,,,,,,,,,,,,
0,4.4,0,0,30.5,0,,,,,,,,,,,,
125,2.5,29.2,0,24.4,1781.2,,,,,,,,,,,,
208,5.9,0,0,16.3,0,,,,,,,,,,,,
0,5,0,0,20.3,0,,,,,,,,,,,,
78,4.6,1.8,0,25.3,209.484,,,,,,,,,,,,
0,6.9,0,0,7.4,0,,,,,,,,,,,,
63,4.7,20.8,0,33.7,3294.512,,,,,,,,,,,,
0,3.8,0,0,22.2,0,,,,,,,,,,,,
0,2.6,1.5,0,19.1,74.49,,,,,,,,,,,,
157,5.9,0,0,16.3,0,,,,,,,,,,,,
62,4.7,24.6,0,18.5,2138.97,,,,,,,,,,,,
65,2.9,3.6,0,25.7,268.308,,,,,,,,,,,,
59,4.2,29.5,0,25.4,3147.06,,,,,,,,,,,,
44,7.6,4.8,0,8.4,306.432,,,,,,,,,,,,
0,6.8,0,0,13.3,0,,,,,,,,,,,,
146,7.8,18.5,0,26.1,3766.23,,,,,,,,,,,,
0,3,0,0,28.4,0,,,,,,,,,,,,
67,6.4,0,0,19.2,0,,,,,,,,,,,,
0,4.3,4.6,0,20.1,397.578,,,,,,,,,,,,
0,2.9,10.2,0,22.2,656.676,,,,,,,,,,,,
130,4.2,29.5,0,25.4,3147.06,,,,,,,,,,,,
0,3.4,0,0,7.7,0,,,,,,,,,,,,
77,5.9,0,0,16.3,0,,,,,,,,,,,,
0,4.6,0,0,7.3,0,,,,,,,,,,,,
0,3.8,20.1,0,20.2,1542.876,,,,,,,,,,,,
102,4.7,20.8,0,33.7,3294.512,,,,,,,,,,,,
0,4.2,0,0,31.1,0,,,,,,,,,,,,
0,2.9,10.2,0,22.2,656.676,,,,,,,,,,,,
0,4.8,2,0,15.6,149.76,,,,,,,,,,,,
0,7.4,0,0,17.3,0,,,,,,,,,,,,
57,2.5,29.2,0,24.4,1781.2,,,,,,,,,,,,
0,4,0,0,1.9,0,,,,,,,,,,,,
67,4.7,24.6,0,18.5,2138.97,,,,,,,,,,,,
95,4.2,10.9,0,29.7,1359.666,,,,,,,,,,,,
213,4.6,1.8,0,25.3,209.484,,,,,,,,,,,,
33,5.9,0,0,16.3,0,,,,,,,,,,,,
0,5.7,0,0,4.2,0,,,,,,,,,,,,
51,8,4.1,0,27.2,892.16,,,,,,,,,,,,
38,2.5,29.2,0,24.4,1781.2,,,,,,,,,,,,
100,4.6,1.8,0,25.3,209.484,,,,,,,,,,,,
99,7.1,3,0,22.6,481.38,,,,,,,,,,,,
0,2.1,0,0,30.1,0,,,,,,,,,,,,
0,3.8,3,0,24.7,281.58,,,,,,,,,,,,
0,1.9,0,0,24.4,0,,,,,,,,,,,,
0,2.7,0,0,28.5,0,,,,,,,,,,,,
0,5.1,0.8,0,29.8,121.584,,,,,,,,,,,,
0,2.7,0,0,28.5,0,,,,,,,,,,,,
0,4.3,4.6,0,20.1,397.578,,,,,,,,,,,,
0,10.3,10.7,0,21.8,2402.578,,,,,,,,,,,,
0,2.3,0,0,22.2,0,,,,,,,,,,,,
0,6.4,0,0,30.1,0,,,,,,,,,,,,
30,2.5,29.2,0,24.4,1781.2,,,,,,,,,,,,
541,6.9,0,0,7.4,0,,,,,,,,,,,,
0,3.5,0,0,23.8,0,,,,,,,,,,,,
0,5.4,4.8,0,21.2,549.504,,,,,,,,,,,,
0,2.3,0,0,5.9,0,,,,,,,,,,,,
0,4.4,0,0,32.6,0,,,,,,,,,,,,
0,4.9,0,0,12.9,0,,,,,,,,,,,,
0,3.2,0.3,0,12.1,11.616,,,,,,,,,,,,
0,4,0,0,1.9,0,,,,,,,,,,,,
0,5.2,0,0,31.7,0,,,,,,,,,,,,
0,6.2,0,0,30.1,0,,,,,,,,,,,,
0,6.8,0,0,16.4,0,,,,,,,,,,,,
155,3,46.2,0,23.4,3243.24,,,,,,,,,,,,
0,5.7,0,0,15.7,0,,,,,,,,,,,,
0,4.2,10.9,0,29.7,1359.666,,,,,,,,,,,,
31,5.1,21.3,0,28.6,3106.818,,,,,,,,,,,,
73,5.1,21.3,0,28.6,3106.818,,,,,,,,,,,,
44,7.1,3,0,22.6,481.38,,,,,,,,,,,,
0,2.5,0,0,29.7,0,,,,,,,,,,,,
0,3.3,0,0,18.3,0,,,,,,,,,,,,
512,7.8,18.5,0,26.1,3766.23,,,,,,,,,,,,
54,5.3,9.7,0,28.7,1475.467,,,,,,,,,,,,
93,4.7,20.8,0,33.7,3294.512,,,,,,,,,,,,
0,3.3,19.8,0,6.7,437.778,,,,,,,,,,,,
0,4.5,0,0,16.6,0,,,,,,,,,,,,
0,2.2,0,0,12.7,0,,,,,,,,,,,,
0,2.3,0,0,-0.1,0,,,,,,,,,,,,
0,3.9,12.2,0,17.4,827.892,,,,,,,,,,,,
0,2.1,0,0,30.1,0,,,,,,,,,,,,
0,4,0.3,0,15.3,18.36,,,,,,,,,,,,
30,4.7,24.6,0,18.5,2138.97,,,,,,,,,,,,
0,2.8,0,0,5.6,0,,,,,,,,,,,,
79,2.9,3.6,0,25.7,268.308,,,,,,,,,,,,
234,6.5,81.3,0,28.3,14955.135,,,,,,,,,,,,
35,3,46.2,0,23.4,3243.24,,,,,,,,,,,,
49,7.6,4.8,0,8.4,306.432,,,,,,,,,,,,
0,4.6,0,0,9.9,0,,,,,,,,,,,,
32,4.7,24.6,0,18.5,2138.97,,,,,,,,,,,,
58,3,17,0,23.9,1218.9,,,,,,,,,,,,
34,5.1,0.8,0,29.8,121.584,,,,,,,,,,,,
0,2.3,0,0,30.9,0,,,,,,,,,,,,
55,3,46.2,0,23.4,3243.24,,,,,,,,,,,,
77,4.7,20.8,0,33.7,3294.512,,,,,,,,,,,,
0,2.9,0,0,30.1,0,,,,,,,,,,,,
104,7.2,3.8,0,26.5,725.04,,,,,,,,,,,,
0,3.3,19.8,0,6.7,437.778,,,,,,,,,,,,
0,2.2,0,0,12.7,0,,,,,,,,,,,,
161,3.6,0,0,30.7,0,,,,,,,,,,,,
0,4.4,0,0,32.6,0,,,,,,,,,,,,
0,2.9,0,0,30.3,0,,,,,,,,,,,,
30,3.6,10.2,0,26.3,965.736,,,,,,,,,,,,
0,2.9,0,0,17.7,0,,,,,,,,,,,,
34,2.6,0,0,31.4,0,,,,,,,,,,,,
98,7.2,3.8,0,26.5,725.04,,,,,,,,,,,,
33,3,8.9,0,31.3,835.71,,,,,,,,,,,,
52,2.9,3.6,0,25.7,268.308,,,,,,,,,,,,
0,4.1,0,0,33.3,0,,,,,,,,,,,,
0,6.3,0,0,31.1,0,,,,,,,,,,,,
0,2.5,0,0,16.8,0,,,,,,,,,,,,
30,3,8.9,0,31.3,835.71,,,,,,,,,,,,
43,5.3,9.7,0,28.7,1475.467,,,,,,,,,,,,
0,6.3,0,0,31.1,0,,,,,,,,,,,,
0,2.9,10.2,0,22.2,656.676,,,,,,,,,,,,
0,5.9,0,0,16.3,0,,,,,,,,,,,,
62,4.7,20.8,0,33.7,3294.512,,,,,,,,,,,,
170,3.5,53.3,0,25.3,4719.715,,,,,,,,,,,,
0,4.3,2.5,0,14.1,151.575,,,,,,,,,,,,
0,3.8,0,0,33.4,0,,,,,,,,,,,,
0,3.5,0,0,23.8,0,,,,,,,,,,,,
38,5.7,40.6,0,20.2,4674.684,,,,,,,,,,,,
85,5.1,0.8,0,29.8,121.584,,,,,,,,,,,,
0,4.8,0,0,17.6,0,,,,,,,,,,,,
0,3.6,1,0,17.3,62.28,,,,,,,,,,,,
67,2.5,29.2,0,24.4,1781.2,,,,,,,,,,,,
43,4.2,29.5,0,25.4,3147.06,,,,,,,,,,,,
65,5.1,0.8,0,29.8,121.584,,,,,,,,,,,,
0,8.2,1.3,0,19.6,208.936,,,,,,,,,,,,
50,5.1,0.8,0,29.8,121.584,,,,,,,,,,,,
31,5.3,9.7,0,28.7,1475.467,,,,,,,,,,,,
30,3.4,3,0,28,285.6,,,,,,,,,,,,
334,4.7,20.8,0,33.7,3294.512,,,,,,,,,,,,
0,4.7,0,0,23.2,0,,,,,,,,,,,,
0,3.2,0.3,0,12.1,11.616,,,,,,,,,,,,
90,4.2,10.9,0,29.7,1359.666,,,,,,,,,,,,
0,3.4,0,0,19.1,0,,,,,,,,,,,,
0,2.9,0,0,17.7,0,,,,,,,,,,,,
138,7.6,0,0,31.2,0,,,,,,,,,,,,
0,7.2,0,0,23.9,0,,,,,,,,,,,,
227,2.7,30.7,0,18.1,1500.309,,,,,,,,,,,,
0,4,0,0,34,0,,,,,,,,,,,,
0,3.4,0,0,32.3,0,,,,,,,,,,,,
186,4.7,24.6,0,18.5,2138.97,,,,,,,,,,,,
91,3.4,3,0,28,285.6,,,,,,,,,,,,
146,4.3,4.6,0,20.1,397.578,,,,,,,,,,,,
0,3.9,0,0,31.4,0,,,,,,,,,,,,
0,4.2,0,0,10,0,,,,,,,,,,,,
0,9.2,0,0,30.9,0,,,,,,,,,,,,
35,3.5,53.3,0,25.3,4719.715,,,,,,,,,,,,
0,5.4,4.8,0,21.2,549.504,,,,,,,,,,,,
0,2.4,0,0,15,0,,,,,,,,,,,,
39,2.1,2,0,27.4,115.08,,,,,,,,,,,,
72,2.9,3.6,0,25.7,268.308,,,,,,,,,,,,
0,2.5,0,0,16.8,0,,,,,,,,,,,,
0,8.3,0,0,18.8,0,,,,,,,,,,,,
62,4.7,24.6,0,18.5,2138.97,,,,,,,,,,,,
176,2.5,29.2,0,24.4,1781.2,,,,,,,,,,,,
0,6.7,0,0,24.9,0,,,,,,,,,,,,
0,3.9,0,0,13.9,0,,,,,,,,,,,,
226,5.1,21.3,0,28.6,3106.818,,,,,,,,,,,,
0,5,0,0,20.3,0,,,,,,,,,,,,
0,5.6,0,0,30.3,0,,,,,,,,,,,,
0,3.8,0.5,0,9.6,18.24,,,,,,,,,,,,
44,4.2,29.5,0,25.4,3147.06,,,,,,,,,,,,
0,7.8,18.5,0,26.1,3766.23,,,,,,,,,,,,
40,5.9,0,0,16.3,0,,,,,,,,,,,,
57,2.6,0,0,31.4,0,,,,,,,,,,,,
74,8,4.1,0,27.2,892.16,,,,,,,,,,,,
0,4.7,0,0,23.2,0,,,,,,,,,,,,
58,5.1,0.8,0,29.8,121.584,,,,,,,,,,,,
147,4.2,29.5,0,25.4,3147.06,,,,,,,,,,,,
0,6.1,0.3,0,25.9,47.397,,,,,,,,,,,,
95,5.1,21.3,0,28.6,3106.818,,,,,,,,,,,,
112,5.1,21.3,0,28.6,3106.818,,,,,,,,,,,,
171,7.2,3.8,0,26.5,725.04,,,,,,,,,,,,
0,7.6,0,0,31.2,0,,,,,,,,,,,,
38,3.6,10.2,0,26.3,965.736,,,,,,,,,,,,
97,7.2,3.8,0,26.5,725.04,,,,,,,,,,,,
0,6,0,0,11.1,0,,,,,,,,,,,,
33,3.7,3,0,25.4,281.94,,,,,,,,,,,,
49,5.3,9.7,0,28.7,1475.467,,,,,,,,,,,,
0,4.3,4.6,0,20.1,397.578,,,,,,,,,,,,
0,4.8,0,0,12.6,0,,,,,,,,,,,,
0,5.6,0,0,22.6,0,,,,,,,,,,,,
167,5.1,0.8,0,29.8,121.584,,,,,,,,,,,,
52,5.1,21.3,0,28.6,3106.818,,,,,,,,,,,,
444,7.8,18.5,0,26.1,3766.23,,,,,,,,,,,,
0,6.4,7.9,0,23.7,1198.272,,,,,,,,,,,,
33,4.7,24.6,0,18.5,2138.97,,,,,,,,,,,,
36,3.6,10.2,0,26.3,965.736,,,,,,,,,,,,
104,2.9,3.6,0,25.7,268.308,,,,,,,,,,,,
0,3.3,14.2,0,16.9,791.934,,,,,,,,,,,,
0,3.2,0,0,26.2,0,,,,,,,,,,,,
0,4.4,0,0,32.6,0,,,,,,,,,,,,
67,7.6,4.8,0,8.4,306.432,,,,,,,,,,,,
96,3.4,3,0,28,285.6,,,,,,,,,,,,
0,6.8,0,0,16.4,0,,,,,,,,,,,,
60,2.9,3.6,0,25.7,268.308,,,,,,,,,,,,
85,10.3,10.7,0,21.8,2402.578,,,,,,,,,,,,
53,2.9,0,0,30.1,0,,,,,,,,,,,,
0,3.5,0,0,23.8,0,,,,,,,,,,,,
43,8,4.1,0,27.2,892.16,,,,,,,,,,,,
49,3.9,2,0,25.9,202.02,,,,,,,,,,,,
0,8.8,1,0,19.4,170.72,,,,,,,,,,,,
34,4.2,29.5,0,25.4,3147.06,,,,,,,,,,,,
0,7.6,0,0,9,0,,,,,,,,,,,,
0,6.4,0,0,13.7,0,,,,,,,,,,,,
64,3,46.2,0,23.4,3243.24,,,,,,,,,,,,
0,2.3,0,0,-0.1,0,,,,,,,,,,,,
0,8.4,0,0,31,0,,,,,,,,,,,,
0,2.6,0,0,16.3,0,,,,,,,,,,,,
154,5.9,0,0,16.3,0,,,,,,,,,,,,
189,4.6,1.8,0,25.3,209.484,,,,,,,,,,,,
0,2.4,0,0,13.6,0,,,,,,,,,,,,
0,4.6,0,0,10.2,0,,,,,,,,,,,,
46,5.7,40.6,0,20.2,4674.684,,,,,,,,,,,,
0,3.9,0,0,31.4,0,,,,,,,,,,,,
56,6.5,81.3,0,28.3,14955.135,,,,,,,,,,,,
849,2.6,1.5,0,19.1,74.49,,,,,,,,,,,,
0,3.8,0.5,0,9.6,18.24,,,,,,,,,,,,
0,3,2,0,26.4,158.4,,,,,,,,,,,,
330,2.6,0,0,31.4,0,,,,,,,,,,,,
41,8,4.1,0,27.2,892.16,,,,,,,,,,,,
0,7.6,0,0,9,0,,,,,,,,,,,,
0,2.6,0,0,25,0,,,,,,,,,,,,
0,4.1,12.7,0,22.2,1155.954,,,,,,,,,,,,
384,2.5,29.2,0,24.4,1781.2,,,,,,,,,,,,
77,6.5,81.3,0,28.3,14955.135,,,,,,,,,,,,
0,2.9,0,0,26.5,0,,,,,,,,,,,,
0,5.1,0,0,8.2,0,,,,,,,,,,,,
0,4.2,0,0,29.8,0,,,,,,,,,,,,
290,5.1,21.3,0,28.6,3106.818,,,,,,,,,,,,
0,4.3,0,0,22.3,0,,,,,,,,,,,,
85,2.5,29.2,0,24.4,1781.2,,,,,,,,,,,,
37,5.1,0.8,0,29.8,121.584,,,,,,,,,,,,
0,3.9,0,0,27.1,0,,,,,,,,,,,,
0,8.3,0,0,30.6,0,,,,,,,,,,,,
0,2.3,0,0,22.2,0,,,,,,,,,,,,
0,5.9,0,0,16.3,0,,,,,,,,,,,,
54,5.9,0,0,16.3,0,,,,,,,,,,,,
82,7.1,3,0,22.6,481.38,,,,,,,,,,,,
99,5.1,0.8,0,29.8,121.584,,,,,,,,,,,,
0,2.7,0,0,28.5,0,,,,,,,,,,,,
0,6.4,0,0,30.1,0,,,,,,,,,,,,
35,6.5,81.3,0,28.3,14955.135,,,,,,,,,,,,
79,6.5,81.3,0,28.3,14955.135,,,,,,,,,,,,
31,5.1,21.3,0,28.6,3106.818,,,,,,,,,,,,
0,4,0,0,27.2,0,,,,,,,,,,,,
144,8,4.1,0,27.2,892.16,,,,,,,,,,,,
44,7.1,3,0,22.6,481.38,,,,,,,,,,,,
0,4.4,0,0,32.7,0,,,,,,,,,,,,
150,4.2,29.5,0,25.4,3147.06,,,,,,,,,,,,
0,5.4,0,0,29.2,0,,,,,,,,,,,,
65,3,46.2,0,23.4,3243.24,,,,,,,,,,,,
0,4.6,0,0,24.2,0,,,,,,,,,,,,
141,4.6,1.8,0,25.3,209.484,,,,,,,,,,,,
0,4.6,0,0,9.2,0,,,,,,,,,,,,
124,5.7,40.6,0,20.2,4674.684,,,,,,,,,,,,
0,9.2,44.5,0,10.5,4298.7,,,,,,,,,,,,
342,4.2,29.5,0,25.4,3147.06,,,,,,,,,,,,
0,3,0,0,28.2,0,,,,,,,,,,,,
0,3.4,0,0,19.1,0,,,,,,,,,,,,
0,4.3,0,0,22.3,0,,,,,,,,,,,,
0,8.2,1.3,0,19.6,208.936,,,,,,,,,,,,
88,2.5,29.2,0,24.4,1781.2,,,,,,,,,,,,
0,3.6,0,0,30.7,0,,,,,,,,,,,,
0,3.8,0.5,0,9.6,18.24,,,,,,,,,,,,
168,2.5,29.2,0,24.4,1781.2,,,,,,,,,,,,
146,2.5,29.2,0,24.4,1781.2,,,,,,,,,,,,
206,3.5,53.3,0,25.3,4719.715,,,,,,,,,,,,
80,2.5,29.2,0,24.4,1781.2,,,,,,,,,,,,
0,2.7,0,0,15.1,0,,,,,,,,,,,,
51,7.2,3.8,0,26.5,725.04,,,,,,,,,,,,
49,3,46.2,0,23.4,3243.24,,,,,,,,,,,,
53,8,4.1,0,27.2,892.16,,,,,,,,,,,,
0,5.5,0,0,20,0,,,,,,,,,,,,
31,5.1,0.8,0,29.8,121.584,,,,,,,,,,,,
94,7.1,3,0,22.6,481.38,,,,,,,,,,,,
161,5.1,21.3,0,28.6,3106.818,,,,,,,,,,,,
48,3.6,10.2,0,26.3,965.736,,,,,,,,,,,,
0,4.3,0,0,30.6,0,,,,,,,,,,,,
60,3,46.2,0,23.4,3243.24,,,,,,,,,,,,
60,7.6,4.8,0,8.4,306.432,,,,,,,,,,,,
0,3.8,3,0,24.7,281.58,,,,,,,,,,,,
0,3.4,0,0,7.7,0,,,,,,,,,,,,
0,3.7,0,0,4.3,0,,,,,,,,,,,,
176,6.5,81.3,0,28.3,14955.135,,,,,,,,,,,,
68,2.9,3.6,0,25.7,268.308,,,,,,,,,,,,
101,7.2,3.8,0,26.5,725.04,,,,,,,,,,,,
119,3.5,53.3,0,25.3,4719.715,,,,,,,,,,,,
86,7.2,3.8,0,26.5,725.04,,,,,,,,,,,,
108,5.6,0,0,30.3,0,,,,,,,,,,,,
0,4.5,0,0,6.6,0,,,,,,,,,,,,
0,8.2,0,0,4.7,0,,,,,,,,,,,,
0,4.1,0,0,16.9,0,,,,,,,,,,,,
0,9.2,0,0,30.9,0,,,,,,,,,,,,
106,4.2,10.9,0,29.7,1359.666,,,,,,,,,,,,
84,5,2.8,0,26.7,373.8,,,,,,,,,,,,
45,4.7,20.8,0,33.7,3294.512,,,,,,,,,,,,
57,4.7,24.6,0,18.5,2138.97,,,,,,,,,,,,
68,3.4,3,0,28,285.6,,,,,,,,,,,,
54,2.9,3.6,0,25.7,268.308,,,,,,,,,,,,
0,6.3,0,0,19.4,0,,,,,,,,,,,,
120,5.1,21.3,0,28.6,3106.818,,,,,,,,,,,,
0,4.3,0,0,30.6,0,,,,,,,,,,,,
0,3.8,0,0,9.4,0,,,,,,,,,,,,
94,6.5,81.3,0,28.3,14955.135,,,,,,,,,,,,
0,4.2,0,0,29,0,,,,,,,,,,,,
35,5.1,0.8,0,29.8,121.584,,,,,,,,,,,,
33,3.5,53.3,0,25.3,4719.715,,,,,,,,,,,,
55,3,46.2,0,23.4,3243.24,,,,,,,,,,,,
0,2.7,30.7,0,18.1,1500.309,,,,,,,,,,,,
59,4.7,20.8,0,33.7,3294.512,,,,,,,,,,,,
0,6.9,0,0,7.4,0,,,,,,,,,,,,
52,3,46.2,0,23.4,3243.24,,,,,,,,,,,,
0,4.2,0,0,18.6,0,,,,,,,,,,,,
0,8.3,0,0,18.8,0,,,,,,,,,,,,
0,4.5,0,0,16.6,0,,,,,,,,,,,,
0,5.3,0,0,16.2,0,,,,,,,,,,,,
135,8,4.1,0,27.2,892.16,,,,,,,,,,,,
75,2.9,3.6,0,25.7,268.308,,,,,,,,,,,,
0,5.7,0,0,15.7,0,,,,,,,,,,,,
39,4.7,24.6,0,18.5,2138.97,,,,,,,,,,,,
0,6.2,0,0,31.7,0,,,,,,,,,,,,
0,3.8,0.5,0,9.6,18.24,,,,,,,,,,,,
0,4,0.3,0,15.3,18.36,,,,,,,,,,,,
0,6.9,0,0,7.4,0,,,,,,,,,,,,
63,2.9,3.6,0,25.7,268.308,,,,,,,,,,,,
92,5.1,21.3,0,28.6,3106.818,,,,,,,,,,,,
74,7.2,3.8,0,26.5,725.04,,,,,,,,,,,,
32,2.6,0,0,31.4,0,,,,,,,,,,,,
42,8,4.1,0,27.2,892.16,,,,,,,,,,,,
0,4,0,0,1.9,0,,,,,,,,,,,,
0,3.7,0,0,13.2,0,,,,,,,,,,,,
32,8,4.1,0,27.2,892.16,,,,,,,,,,,,
0,4.4,0,0,32.6,0,,,,,,,,,,,,
272,4.2,29.5,0,25.4,3147.06,,,,,,,,,,,,
138,7.2,3.8,0,26.5,725.04,,,,,,,,,,,,
41,7.1,3,0,22.6,481.38,,,,,,,,,,,,
0,3.8,0,0,13.3,0,,,,,,,,,,,,
30,8,4.1,0,27.2,892.16,,,,,,,,,,,,
0,3.8,0,0,32.9,0,,,,,,,,,,,,
0,3,3.6,0,18.3,197.64,,,,,,,,,,,,
92,7.2,3.8,0,26.5,725.04,,,,,,,,,,,,
0,7.6,0,0,-4.6,0,,,,,,,,,,,,
223,3.5,53.3,0,25.3,4719.715,,,,,,,,,,,,
0,4.2,0,0,18.6,0,,,,,,,,,,,,
0,7.1,0,0,20.3,0,,,,,,,,,,,,
51,4.6,1.8,0,25.3,209.484,,,,,,,,,,,,
0,3.2,0.3,0,12.1,11.616,,,,,,,,,,,,
0,2.5,29.2,0,24.4,1781.2,,,,,,,,,,,,
48,7.6,4.8,0,8.4,306.432,,,,,,,,,,,,
0,3.6,0,0,10.5,0,,,,,,,,,,,,
0,3.9,0,0,27.1,0,,,,,,,,,,,,
0,3.8,0,0,32.9,0,,,,,,,,,,,,
0,3.8,0,0,9.4,0,,,,,,,,,,,,
0,7.6,0,0,9,0,,,,,,,,,,,,
195,3,46.2,0,23.4,3243.24,,,,,,,,,,,,
0,4,0,0,34,0,,,,,,,,,,,,
85,3.5,53.3,0,25.3,4719.715,,,,,,,,,,,,
0,1.8,0,0,28.8,0,,,,,,,,,,,,
0,3.6,1,0,17.3,62.28,,,,,,,,,,,,
0,7,0,0,19.1,0,,,,,,,,,,,,
0,5.9,0,0,31.3,0,,,,,,,,,,,,
0,6.5,0,0,30.4,0,,,,,,,,,,,,
75,4.2,10.9,0,29.7,1359.666,,,,,,,,,,,,
159,5.7,40.6,0,20.2,4674.684,,,,,,,,,,,,
0,7.9,0,0,27.1,0,,,,,,,,,,,,
45,5.1,0.8,0,29.8,121.584,,,,,,,,,,,,
50,4.6,1.8,0,25.3,209.484,,,,,,,,,,,,
0,2.9,0,0,11.1,0,,,,,,,,,,,,
65,5.1,0.8,0,29.8,121.584,,,,,,,,,,,,
0,4.3,0,0,22.3,0,,,,,,,,,,,,
0,5.9,0,0,29.3,0,,,,,,,,,,,,
40,8,4.1,0,27.2,892.16,,,,,,,,,,,,
63,3,8.9,0,31.3,835.71,,,,,,,,,,,,
64,5.4,4.8,0,21.2,549.504,,,,,,,,,,,,
48,3.9,2,0,25.9,202.02,,,,,,,,,,,,
42,6.9,20.6,0,20.1,2857.014,,,,,,,,,,,,
0,3,3.6,0,18.3,197.64,,,,,,,,,,,,
0,2.7,0,0,28.1,0,,,,,,,,,,,,
52,2.3,0,0,22.2,0,,,,,,,,,,,,
61,8.4,0,0,22.4,0,,,,,,,,,,,,
49,5.3,0,0,16.2,0,,,,,,,,,,,,
149,5.1,21.3,0,28.6,3106.818,,,,,,,,,,,,
90,8,4.1,0,27.2,892.16,,,,,,,,,,,,
0,2.9,0,0,11.1,0,,,,,,,,,,,,
159,3,46.2,0,23.4,3243.24,,,,,,,,,,,,
67,4.2,29.5,0,25.4,3147.06,,,,,,,,,,,,
0,5.4,0,0,29.2,0,,,,,,,,,,,,
313,5.1,21.3,0,28.6,3106.818,,,,,,,,,,,,
32,8.1,2,0,31.6,511.92,,,,,,,,,,,,
0,3.6,0,0,24.1,0,,,,,,,,,,,,
0,3.9,0,0,27.1,0,,,,,,,,,,,,
50,5.1,21.3,0,28.6,3106.818,,,,,,,,,,,,
33,2.1,2,0,27.4,115.08,,,,,,,,,,,,
0,4.1,0,0,30.2,0,,,,,,,,,,,,
64,7.6,4.8,0,8.4,306.432,,,,,,,,,,,,
746,7.2,0,0,3.3,0,,,,,,,,,,,,
0,7,0,0,19.1,0,,,,,,,,,,,,
0,4.6,0,0,30.6,0,,,,,,,,,,,,
53,3.5,53.3,0,25.3,4719.715,,,,,,,,,,,,
0,5.4,4.8,0,21.2,549.504,,,,,,,,,,,,
0,5,14.5,0,16.4,1189,,,,,,,,,,,,
31,7.1,3,0,22.6,481.38,,,,,,,,,,,,
0,2.7,0,0,28.5,0,,,,,,,,,,,,
96,2.9,0,0,30.1,0,,,,,,,,,,,,
106,5.1,0.8,0,29.8,121.584,,,,,,,,,,,,
113,4.7,20.8,0,33.7,3294.512,,,,,,,,,,,,
0,7.6,4.8,0,8.4,306.432,,,,,,,,,,,,
0,4.5,0,0,33.5,0,,,,,,,,,,,,
112,7.8,18.5,0,26.1,3766.23,,,,,,,,,,,,
58,3,46.2,0,23.4,3243.24,,,,,,,,,,,,
184,4.7,20.8,0,33.7,3294.512,,,,,,,,,,,,
33,5.3,9.7,0,28.7,1475.467,,,,,,,,,,,,
0,2.8,0,0,2.9,0,,,,,,,,,,,,
38,5.3,9.7,0,28.7,1475.467,,,,,,,,,,,,
502,7.2,3.8,0,26.5,725.04,,,,,,,,,,,,
0,6.4,0,0,30.1,0,,,,,,,,,,,,
90,3.7,3,0,25.4,281.94,,,,,,,,,,,,
0,4.6,0,0,30.6,0,,,,,,,,,,,,
0,2.6,0,0,-3.8,0,,,,,,,,,,,,
0,4.4,0,0,32.6,0,,,,,,,,,,,,
34,6.9,20.6,0,20.1,2857.014,,,,,,,,,,,,
0,8.4,0,0,22.4,0,,,,,,,,,,,,
60,3.6,10.2,0,26.3,965.736,,,,,,,,,,,,
243,4.7,20.8,0,33.7,3294.512,,,,,,,,,,,,
93,4.6,1.8,0,25.3,209.484,,,,,,,,,,,,
0,3.2,0,0,3.5,0,,,,,,,,,,,,
0,5.4,0,0,10.6,0,,,,,,,,,,,,
0,6.9,0,0,7.4,0,,,,,,,,,,,,
0,4,0,0,18.2,0,,,,,,,,,,,,
0,3.9,12.2,0,17.4,827.892,,,,,,,,,,,,
110,7.8,18.5,0,26.1,3766.23,,,,,,,,,,,,
96,4.2,10.9,0,29.7,1359.666,,,,,,,,,,,,
0,6.8,0,0,16.4,0,,,,,,,,,,,,
0,9.2,0,0,30.9,0,,,,,,,,,,,,
119,3,46.2,0,23.4,3243.24,,,,,,,,,,,,
0,3.8,3,0,24.7,281.58,,,,,,,,,,,,
52,3,8.9,0,31.3,835.71,,,,,,,,,,,,
35,2.9,3.6,0,25.7,268.308,,,,,,,,,,,,
0,5.5,0,0,30.9,0,,,,,,,,,,,,
0,4.3,0,0,21.8,0,,,,,,,,,,,,
175,4.6,1.8,0,25.3,209.484,,,,,,,,,,,,
0,4.9,0,0,19.8,0,,,,,,,,,,,,
0,2.6,0,0,16.3,0,,,,,,,,,,,,
31,3,46.2,0,23.4,3243.24,,,,,,,,,,,,
0,4.5,0,0,16,0,,,,,,,,,,,,
95,3,46.2,0,23.4,3243.24,,,,,,,,,,,,
0,3.5,0,0,23,0,,,,,,,,,,,,
0,4,0,0,34,0,,,,,,,,,,,,
398,4.7,20.8,0,33.7,3294.512,,,,,,,,,,,,
0,3.8,0,0,22.2,0,,,,,,,,,,,,
39,8,4.1,0,27.2,892.16,,,,,,,,,,,,
48,3.9,2,0,25.9,202.02,,,,,,,,,,,,
0,3.6,0,0,28.7,0,,,,,,,,,,,,
120,3.5,53.3,0,25.3,4719.715,,,,,,,,,,,,
0,4.6,1.8,0,25.3,209.484,,,,,,,,,,,,
0,5.9,0,0,27.8,0,,,,,,,,,,,,
35,6.9,20.6,0,20.1,2857.014,,,,,,,,,,,,
0,5.2,0,0,16.3,0,,,,,,,,,,,,
44,3,0.8,0,31.4,75.36,,,,,,,,,,,,
0,5.1,1,0,23.4,119.34,,,,,,,,,,,,
0,2.6,1.5,0,19.1,74.49,,,,,,,,,,,,
149,4.7,24.6,0,18.5,2138.97,,,,,,,,,,,,
0,7.1,0,0,20.3,0,,,,,,,,,,,,
0,8.1,2,0,31.6,511.92,,,,,,,,,,,,
70,3,46.2,0,23.4,3243.24,,,,,,,,,,,,
30,3.9,2,0,25.9,202.02,,,,,,,,,,,,
180,2.5,29.2,0,24.4,1781.2,,,,,,,,,,,,
86,6.9,20.6,0,20.1,2857.014,,,,,,,,,,,,
60,7.6,4.8,0,8.4,306.432,,,,,,,,,,,,
0,3.8,0,0,33.4,0,,,,,,,,,,,,
0,3.8,3,0,24.7,281.58,,,,,,,,,,,,
0,3.8,20.1,0,20.2,1542.876,,,,,,,,,,,,
0,7.2,0,0,10.7,0,,,,,,,,,,,,
36,3.6,10.2,0,26.3,965.736,,,,,,,,,,,,
125,4.2,29.5,0,25.4,3147.06,,,,,,,,,,,,
0,3.8,3,0,24.7,281.58,,,,,,,,,,,,
37,2.6,0,0,31.4,0,,,,,,,,,,,,
56,3,46.2,0,23.4,3243.24,,,,,,,,,,,,
31,2.9,3.6,0,25.7,268.308,,,,,,,,,,,,
0,3.4,0,0,23.1,0,,,,,,,,,,,,
138,6.9,20.6,0,20.1,2857.014,,,,,,,,,,,,
75,3.4,3,0,28,285.6,,,,,,,,,,,,
0,5.5,0,0,28.2,0,,,,,,,,,,,,
0,2.5,0,0,6.7,0,,,,,,,,,,,,
0,3.2,0,0,26.2,0,,,,,,,,,,,,
130,7.8,18.5,0,26.1,3766.23,,,,,,,,,,,,
0,4.6,0,0,32.9,0,,,,,,,,,,,,
0,1.7,0,0,19,0,,,,,,,,,,,,
0,2.1,0,0,17.5,0,,,,,,,,,,,,
0,2.5,0,0,28.5,0,,,,,,,,,,,,
58,4.7,20.8,0,33.7,3294.512,,,,,,,,,,,,
0,6,0,0,31.1,0,,,,,,,,,,,,
208,2.5,29.2,0,24.4,1781.2,,,,,,,,,,,,
0,3.3,0,0,15.4,0,,,,,,,,,,,,
33,3,46.2,0,23.4,3243.24,,,,,,,,,,,,
63,4.6,1.8,0,25.3,209.484,,,,,,,,,,,,
0,3.5,0,0,7.1,0,,,,,,,,,,,,
0,2.3,0,0,20.2,0,,,,,,,,,,,,
0,3.8,0,0,32.9,0,,,,,,,,,,,,
183,7.2,3.8,0,26.5,725.04,,,,,,,,,,,,
152,3,46.2,0,23.4,3243.24,,,,,,,,,,,,
45,7.1,3,0,22.6,481.38,,,,,,,,,,,,
34,4.7,24.6,0,18.5,2138.97,,,,,,,,,,,,
0,6.2,0,0,31.7,0,,,,,,,,,,,,
0,3.5,0,0,23.8,0,,,,,,,,,,,,
33,6.9,20.6,0,20.1,2857.014,,,,,,,,,,,,
190,3,46.2,0,23.4,3243.24,,,,,,,,,,,,
46,7.6,4.8,0,8.4,306.432,,,,,,,,,,,,
102,2.9,3.6,0,25.7,268.308,,,,,,,,,,,,
117,4.2,29.5,0,25.4,3147.06,,,,,,,,,,,,
0,3.4,0,0,32.3,0,,,,,,,,,,,,
138,3.5,53.3,0,25.3,4719.715,,,,,,,,,,,,
115,3.5,53.3,0,25.3,4719.715,,,,,,,,,,,,
39,5.1,0.8,0,29.8,121.584,,,,,,,,,,,,
104,7.2,3.8,0,26.5,725.04,,,,,,,,,,,,
78,6.5,81.3,0,28.3,14955.135,,,,,,,,,,,,
0,3.9,12.2,0,17.4,827.892,,,,,,,,,,,,
0,2.7,0,0,22.4,0,,,,,,,,,,,,
134,3.7,3,0,25.4,281.94,,,,,,,,,,,,
0,5.1,0,0,15.2,0,,,,,,,,,,,,
0,5.9,14.7,0,21.7,1882.041,,,,,,,,,,,,
32,6.5,81.3,0,28.3,14955.135,,,,,,,,,,,,
68,5.7,40.6,0,20.2,4674.684,,,,,,,,,,,,
0,8.1,0,0,21.2,0,,,,,,,,,,,,
166,4.7,24.6,0,18.5,2138.97,,,,,,,,,,,,
52,4.7,20.8,0,33.7,3294.512,,,,,,,,,,,,
78,10.3,10.7,0,21.8,2402.578,,,,,,,,,,,,
229,3.5,53.3,0,25.3,4719.715,,,,,,,,,,,,
35,2.1,2,0,27.4,115.08,,,,,,,,,,,,
0,2.7,0,0,28.1,0,,,,,,,,,,,,
0,4.3,0,0,22.3,0,,,,,,,,,,,,
0,2.1,0,0,30.1,0,,,,,,,,,,,,
0,2,0,0,8.3,0,,,,,,,,,,,,
0,3.4,0,0,23,0,,,,,,,,,,,,
136,3.5,53.3,0,25.3,4719.715,,,,,,,,,,,,
0,3.2,0,0,18.2,0,,,,,,,,,,,,
32,4.2,29.5,0,25.4,3147.06,,,,,,,,,,,,
30,2.5,29.2,0,24.4,1781.2,,,,,,,,,,,,
56,7.6,4.8,0,8.4,306.432,,,,,,,,,,,,
39,2.5,29.2,0,24.4,1781.2,,,,,,,,,,,,
33,5.7,40.6,0,20.2,4674.684,,,,,,,,,,,,
108,3,46.2,0,23.4,3243.24,,,,,,,,,,,,
81,3.5,53.3,0,25.3,4719.715,,,,,,,,,,,,
0,6,0,0,18,0,,,,,,,,,,,,
0,1.9,0,0,24.4,0,,,,,,,,,,,,
0,7,0,0,19.1,0,,,,,,,,,,,,
0,5.2,0,0,19.4,0,,,,,,,,,,,,
35,3,46.2,0,23.4,3243.24,,,,,,,,,,,,
46,3.6,10.2,0,26.3,965.736,,,,,,,,,,,,
139,5.9,0,0,16.3,0,,,,,,,,,,,,
53,8,4.1,0,27.2,892.16,,,,,,,,,,,,
59,8,4.1,0,27.2,892.16,,,,,,,,,,,,
0,3.2,0,0,17.9,0,,,,,,,,,,,,
152,6.5,81.3,0,28.3,14955.135,,,,,,,,,,,,
0,5.9,0,0,27.8,0,,,,,,,,,,,,
157,4.2,29.5,0,25.4,3147.06,,,,,,,,,,,,
71,3,46.2,0,23.4,3243.24,,,,,,,,,,,,
63,7.2,3.8,0,26.5,725.04,,,,,,,,,,,,
0,3.8,20.1,0,20.2,1542.876,,,,,,,,,,,,
0,4.5,0,0,13.4,0,,,,,,,,,,,,
83,5.1,21.3,0,28.6,3106.818,,,,,,,,,,,,
0,6.9,20.6,0,20.1,2857.014,,,,,,,,,,,,
0,8.1,2,0,31.6,511.92,,,,,,,,,,,,
67,3.4,3,0,28,285.6,,,,,,,,,,,,
0,5.1,0,0,15.2,0,,,,,,,,,,,,
0,4.8,0,0,25,0,,,,,,,,,,,,
92,4.2,29.5,0,25.4,3147.06,,,,,,,,,,,,
0,2.9,0,0,21.4,0,,,,,,,,,,,,
0,4.4,0,0,32.7,0,,,,,,,,,,,,
177,2.5,29.2,0,24.4,1781.2,,,,,,,,,,,,
51,3.6,10.2,0,26.3,965.736,,,,,,,,,,,,
147,7.8,18.5,0,26.1,3766.23,,,,,,,,,,,,
0,10.3,10.7,0,21.8,2402.578,,,,,,,,,,,,
0,4.8,0,0,25,0,,,,,,,,,,,,
0,2.2,0,0,12.7,0,,,,,,,,,,,,
0,5.5,0,0,30.9,0,,,,,,,,,,,,
0,6.3,0,0,31.1,0,,,,,,,,,,,,
0,5.3,9.7,0,28.7,1475.467,,,,,,,,,,,,
0,7.6,4.8,0,8.4,306.432,,,,,,,,,,,,
81,2.9,3.6,0,25.7,268.308,,,,,,,,,,,,
82,7.2,3.8,0,26.5,725.04,,,,,,,,,,,,
0,7.2,0,0,21.4,0,,,,,,,,,,,,
40,5.1,21.3,0,28.6,3106.818,,,,,,,,,,,,
0,2.5,0,0,29.7,0,,,,,,,,,,,,
66,5.4,4.8,0,21.2,549.504,,,,,,,,,,,,
0,4,0,0,18.2,0,,,,,,,,,,,,
0,2.2,0,0,12.7,0,,,,,,,,,,,,
98,4.2,10.9,0,29.7,1359.666,,,,,,,,,,,,
0,8.3,0,0,30.6,0,,,,,,,,,,,,
0,2.4,0,0,13.6,0,,,,,,,,,,,,
89,5.7,40.6,0,20.2,4674.684,,,,,,,,,,,,
0,7,0,0,28.6,0,,,,,,,,,,,,
0,4.9,0,0,27.4,0,,,,,,,,,,,,
66,5.9,0,0,16.3,0,,,,,,,,,,,,
100,5.7,40.6,0,20.2,4674.684,,,,,,,,,,,,
0,2.7,0,0,16.5,0,,,,,,,,,,,,
0,3.8,0,0,32.3,0,,,,,,,,,,,,
314,7.8,18.5,0,26.1,3766.23,,,,,,,,,,,,
0,6.2,0,0,30.1,0,,,,,,,,,,,,
0,2.3,0,0,-0.1,0,,,,,,,,,,,,
0,3.1,0,0,30.6,0,,,,,,,,,,,,
85,5.1,0.8,0,29.8,121.584,,,,,,,,,,,,
106,5.1,0.8,0,29.8,121.584,,,,,,,,,,,,
41,5.9,14.7,0,21.7,1882.041,,,,,,,,,,,,
124,7.8,18.5,0,26.1,3766.23,,,,,,,,,,,,
0,8.4,0,0,16,0,,,,,,,,,,,,
58,4.2,29.5,0,25.4,3147.06,,,,,,,,,,,,
64,4.6,1.8,0,25.3,209.484,,,,,,,,,,,,
0,2.7,0,0,28.1,0,,,,,,,,,,,,
48,4.7,24.6,0,18.5,2138.97,,,,,,,,,,,,
72,5.7,40.6,0,20.2,4674.684,,,,,,,,,,,,
0,5.6,0.3,0,7.8,13.104,,,,,,,,,,,,
85,6.6,0,0,19.4,0,,,,,,,,,,,,
91,5.9,0,0,16.3,0,,,,,,,,,,,,
32,6.5,81.3,0,28.3,14955.135,,,,,,,,,,,,
44,6.2,23.4,0,22.2,3220.776,,,,,,,,,,,,
0,3.2,0,0,18.2,0,,,,,,,,,,,,
0,1.8,0,0,28.8,0,,,,,,,,,,,,
0,3.2,0,0,3.5,0,,,,,,,,,,,,
0,10.7,0,0,15.5,0,,,,,,,,,,,,
0,4.8,0,0,17.6,0,,,,,,,,,,,,
0,2.9,0,0,30.1,0,,,,,,,,,,,,
0,2.7,30.7,0,18.1,1500.309,,,,,,,,,,,,
95,5.1,21.3,0,28.6,3106.818,,,,,,,,,,,,
0,4.9,0,0,27.4,0,,,,,,,,,,,,
37,2.9,3.6,0,25.7,268.308,,,,,,,,,,,,
0,4.6,0,0,29.1,0,,,,,,,,,,,,
52,4.7,24.6,0,18.5,2138.97,,,,,,,,,,,,
65,4.7,20.8,0,33.7,3294.512,,,,,,,,,,,,
43,2.9,3.6,0,25.7,268.308,,,,,,,,,,,,
0,4.9,0,0,19.8,0,,,,,,,,,,,,
0,4.3,0,0,30.6,0,,,,,,,,,,,,
0,4.2,0,0,18.6,0,,,,,,,,,,,,
36,8,4.1,0,27.2,892.16,,,,,,,,,,,,
162,3.5,53.3,0,25.3,4719.715,,,,,,,,,,,,
56,4.2,29.5,0,25.4,3147.06,,,,,,,,,,,,
128,10.3,10.7,0,21.8,2402.578,,,,,,,,,,,,
0,2.3,0,0,30.9,0,,,,,,,,,,,,
0,5.9,0,0,15.3,0,,,,,,,,,,,,
36,6.9,20.6,0,20.1,2857.014,,,,,,,,,,,,
46,3.6,10.2,0,26.3,965.736,,,,,,,,,,,,
116,4.7,24.6,0,18.5,2138.97,,,,,,,,,,,,
118,5.9,0,0,16.3,0,,,,,,,,,,,,
0,2.6,1.5,0,19.1,74.49,,,,,,,,,,,,
76,7.2,3.8,0,26.5,725.04,,,,,,,,,,,,
103,2.6,0,0,31.4,0,,,,,,,,,,,,
65,5.9,0,0,16.3,0,,,,,,,,,,,,
0,9.2,44.5,0,10.5,4298.7,,,,,,,,,,,,
0,7.6,4.8,0,8.4,306.432,,,,,,,,,,,,
0,2.9,0,0,27.3,0,,,,,,,,,,,,
46,4.7,24.6,0,18.5,2138.97,,,,,,,,,,,,
0,4.5,0,0,16.6,0,,,,,,,,,,,,
69,4.7,20.8,0,33.7,3294.512,,,,,,,,,,,,
37,6.9,20.6,0,20.1,2857.014,,,,,,,,,,,,
96,4.2,10.9,0,29.7,1359.666,,,,,,,,,,,,
0,10.3,10.7,0,21.8,2402.578,,,,,,,,,,,,
0,2.2,1.3,0,8.2,23.452,,,,,,,,,,,,
51,3,46.2,0,23.4,3243.24,,,,,,,,,,,,
55,3.4,3,0,28,285.6,,,,,,,,,,,,
0,3.2,0,0,18.2,0,,,,,,,,,,,,
32,2.6,0,0,31.4,0,,,,,,,,,,,,
0,3.9,12.2,0,17.4,827.892,,,,,,,,,,,,
33,5.1,0.8,0,29.8,121.584,,,,,,,,,,,,
0,4.8,0,0,16.4,0,,,,,,,,,,,,
0,4.5,0,0,33.5,0,,,,,,,,,,,,
0,4.3,0,0,15.9,0,,,,,,,,,,,,
116,6.5,81.3,0,28.3,14955.135,,,,,,,,,,,,
0,4.4,0,0,32.7,0,,,,,,,,,,,,
0,7.8,0,0,27.6,0,,,,,,,,,,,,
106,4.2,10.9,0,29.7,1359.666,,,,,,,,,,,,
0,4.6,0,0,31.9,0,,,,,,,,,,,,
0,2.9,0,0,19.2,0,,,,,,,,,,,,
0,7,0,0,28.6,0,,,,,,,,,,,,
0,2.2,0,0,22.6,0,,,,,,,,,,,,
0,5.3,0,0,16.2,0,,,,,,,,,,,,
56,2.6,0,0,31.4,0,,,,,,,,,,,,
0,5.6,0,0,30.3,0,,,,,,,,,,,,
71,10.3,10.7,0,21.8,2402.578,,,,,,,,,,,,
198,4.7,20.8,0,33.7,3294.512,,,,,,,,,,,,
0,5.9,0,0,14.4,0,,,,,,,,,,,,
43,7.6,4.8,0,8.4,306.432,,,,,,,,,,,,
0,4,0,0,27.2,0,,,,,,,,,,,,
57,3.6,10.2,0,26.3,965.736,,,,,,,,,,,,
0,5,14.5,0,16.4,1189,,,,,,,,,,,,
85,10.3,10.7,0,21.8,2402.578,,,,,,,,,,,,
0,7,0,0,19.1,0,,,,,,,,,,,,
0,4.4,0.3,0,10,13.2,,,,,,,,,,,,
0,8.8,1,0,19.4,170.72,,,,,,,,,,,,
95,3,46.2,0,23.4,3243.24,,,,,,,,,,,,
0,4,0,0,17.8,0,,,,,,,,,,,,
76,4.7,24.6,0,18.5,2138.97,,,,,,,,,,,,
87,3,46.2,0,23.4,3243.24,,,,,,,,,,,,
33,5.1,21.3,0,28.6,3106.818,,,,,,,,,,,,
198,3,8.9,0,31.3,835.71,,,,,,,,,,,,
0,3.9,12.2,0,17.4,827.892,,,,,,,,,,,,
0,3.4,0,0,17.1,0,,,,,,,,,,,,
0,3.9,0,0,31.4,0,,,,,,,,,,,,
0,6.1,0.3,0,25.9,47.397,,,,,,,,,,,,
0,2.3,0,0,20.2,0,,,,,,,,,,,,
55,2.9,3.6,0,25.7,268.308,,,,,,,,,,,,
0,7,0,0,27.7,0,,,,,,,,,,,,
301,6.5,81.3,0,28.3,14955.135,,,,,,,,,,,,
0,2.3,0,0,5.9,0,,,,,,,,,,,,
31,3.6,10.2,0,26.3,965.736,,,,,,,,,,,,
79,7.2,3.8,0,26.5,725.04,,,,,,,,,,,,
0,3.8,0,0,20.1,0,,,,,,,,,,,,
43,3,46.2,0,23.4,3243.24,,,,,,,,,,,,
0,3.5,0,0,7.1,0,,,,,,,,,,,,
67,3.6,10.2,0,26.3,965.736,,,,,,,,,,,,
34,5.3,9.7,0,28.7,1475.467,,,,,,,,,,,,
0,4.3,0,0,30.6,0,,,,,,,,,,,,
100,4.6,1.8,0,25.3,209.484,,,,,,,,,,,,
0,3.9,0,0,28.6,0,,,,,,,,,,,,
0,5.6,0,0,16.9,0,,,,,,,,,,,,
0,4.6,0,0,9.2,0,,,,,,,,,,,,
85,5.1,21.3,0,28.6,3106.818,,,,,,,,,,,,
0,3.9,0,0,13.9,0,,,,,,,,,,,,
0,3.5,0,0,23.8,0,,,,,,,,,,,,
0,4.3,0,0,30.6,0,,,,,,,,,,,,
49,6.5,81.3,0,28.3,14955.135,,,,,,,,,,,,
114,7.2,3.8,0,26.5,725.04,,,,,,,,,,,,
135,2.5,29.2,0,24.4,1781.2,,,,,,,,,,,,
0,5,0,0,29.2,0,,,,,,,,,,,,
0,3.2,0,0,18.2,0,,,,,,,,,,,,
87,4.7,20.8,0,33.7,3294.512,,,,,,,,,,,,
76,2.6,0,0,31.4,0,,,,,,,,,,,,
0,10.3,10.7,0,21.8,2402.578,,,,,,,,,,,,
41,5.9,0,0,16.3,0,,,,,,,,,,,,
0,2.7,0,0,6.8,0,,,,,,,,,,,,
65,3.6,10.2,0,26.3,965.736,,,,,,,,,,,,
0,2.9,0,0,8.9,0,,,,,,,,,,,,
47,5.7,40.6,0,20.2,4674.684,,,,,,,,,,,,
59,4.2,10.9,0,29.7,1359.666,,,,,,,,,,,,
135,4.7,20.8,0,33.7,3294.512,,,,,,,,,,,,
119,10.3,10.7,0,21.8,2402.578,,,,,,,,,,,,
39,7.2,3.8,0,26.5,725.04,,,,,,,,,,,,
80,3.6,10.2,0,26.3,965.736,,,,,,,,,,,,
0,5.7,0,0,15.7,0,,,,,,,,,,,,
113,7.2,3.8,0,26.5,725.04,,,,,,,,,,,,
45,3.6,10.2,0,26.3,965.736,,,,,,,,,,,,
0,6.5,0,0,26.6,0,,,,,,,,,,,,
215,2.9,0,0,30.1,0,,,,,,,,,,,,
63,3.4,3,0,28,285.6,,,,,,,,,,,,
0,10.3,10.7,0,21.8,2402.578,,,,,,,,,,,,
146,3.4,3,0,28,285.6,,,,,,,,,,,,
0,5.8,0,0,9.7,0,,,,,,,,,,,,
0,7.6,0,0,-4.6,0,,,,,,,,,,,,
0,3.6,0,0,30.7,0,,,,,,,,,,,,
96,5.1,0.8,0,29.8,121.584,,,,,,,,,,,,
94,4.2,29.5,0,25.4,3147.06,,,,,,,,,,,,
86,6.5,81.3,0,28.3,14955.135,,,,,,,,,,,,
0,8.3,0,0,9.9,0,,,,,,,,,,,,
0,5.9,0,0,14.4,0,,,,,,,,,,,,
40,4.6,1.8,0,25.3,209.484,,,,,,,,,,,,
109,4.7,24.6,0,18.5,2138.97,,,,,,,,,,,,
172,2.9,3.6,0,25.7,268.308,,,,,,,,,,,,
0,6.4,0,0,13.7,0,,,,,,,,,,,,
0,5,0,0,9.4,0,,,,,,,,,,,,
159,4.7,24.6,0,18.5,2138.97,,,,,,,,,,,,
0,5.2,0,0,16.3,0,,,,,,,,,,,,
0,3.9,0,0,31.8,0,,,,,,,,,,,,
33,5.7,0,0,4.2,0,,,,,,,,,,,,
0,4.7,0,0,6.4,0,,,,,,,,,,,,
0,2.8,0,0,20.1,0,,,,,,,,,,,,
0,4.8,0,0,25,0,,,,,,,,,,,,
0,3.6,0,0,30.7,0,,,,,,,,,,,,
0,4.7,0,0,20.5,0,,,,,,,,,,,,
0,4.4,0.3,0,10,13.2,,,,,,,,,,,,
0,10.7,0,0,15.5,0,,,,,,,,,,,,
152,4.2,29.5,0,25.4,3147.06,,,,,,,,,,,,
0,5.1,0.8,0,29.8,121.584,,,,,,,,,,,,
33,2.6,0,0,31.4,0,,,,,,,,,,,,
130,3,46.2,0,23.4,3243.24,,,,,,,,,,,,
0,3.4,0,0,23.1,0,,,,,,,,,,,,
0,3.3,0,0,21.1,0,,,,,,,,,,,,
38,7.2,3.8,0,26.5,725.04,,,,,,,,,,,,
0,4.2,0,0,20.6,0,,,,,,,,,,,,
0,5.4,0,0,30.4,0,,,,,,,,,,,,
150,7.8,18.5,0,26.1,3766.23,,,,,,,,,,,,
85,3.6,10.2,0,26.3,965.736,,,,,,,,,,,,
152,2.9,3.6,0,25.7,268.308,,,,,,,,,,,,
49,3.7,3,0,25.4,281.94,,,,,,,,,,,,
45,7.1,3,0,22.6,481.38,,,,,,,,,,,,
0,3.4,3,0,28,285.6,,,,,,,,,,,,
0,2.9,0,0,11.1,0,,,,,,,,,,,,
43,5.9,0,0,16.3,0,,,,,,,,,,,,
70,3.6,10.2,0,26.3,965.736,,,,,,,,,,,,
45,4.7,24.6,0,18.5,2138.97,,,,,,,,,,,,
44,4.7,20.8,0,33.7,3294.512,,,,,,,,,,,,
52,3.4,3,0,28,285.6,,,,,,,,,,,,
59,2.9,3.6,0,25.7,268.308,,,,,,,,,,,,
0,5.5,0,0,20,0,,,,,,,,,,,,
0,5.3,15.2,0,16.5,1329.24,,,,,,,,,,,,
98,4.2,10.9,0,29.7,1359.666,,,,,,,,,,,,
0,3.5,0,0,23.8,0,,,,,,,,,,,,
0,7.1,0,0,20.3,0,,,,,,,,,,,,
0,4.1,12.7,0,22.2,1155.954,,,,,,,,,,,,
0,2.9,0,0,30.3,0,,,,,,,,,,,,
0,6.5,0,0,11.7,0,,,,,,,,,,,,
60,5.9,0,0,16.3,0,,,,,,,,,,,,
0,3.4,0,0,23.1,0,,,,,,,,,,,,
42,4.7,24.6,0,18.5,2138.97,,,,,,,,,,,,
82,4.2,10.9,0,29.7,1359.666,,,,,,,,,,,,
0,4.4,0,0,32.7,0,,,,,,,,,,,,
71,5.9,0,0,16.3,0,,,,,,,,,,,,
131,2.9,3.6,0,25.7,268.308,,,,,,,,,,,,
64,5,14.5,0,16.4,1189,,,,,,,,,,,,
87,6.5,81.3,0,28.3,14955.135,,,,,,,,,,,,
0,1.6,0,0,20.7,0,,,,,,,,,,,,
0,4.6,0,0,7.3,0,,,,,,,,,,,,
118,3.6,10.2,0,26.3,965.736,,,,,,,,,,,,
0,5.1,1,0,23.4,119.34,,,,,,,,,,,,
59,2.9,3.6,0,25.7,268.308,,,,,,,,,,,,
0,7.9,0,0,10.2,0,,,,,,,,,,,,
0,2.2,0,0,12.7,0,,,,,,,,,,,,
0,5.4,4.8,0,21.2,549.504,,,,,,,,,,,,
56,4.6,1.8,0,25.3,209.484,,,,,,,,,,,,
39,2.5,29.2,0,24.4,1781.2,,,,,,,,,,,,
73,4.7,20.8,0,33.7,3294.512,,,,,,,,,,,,
0,5.1,0.8,0,29.8,121.584,,,,,,,,,,,,
0,1.7,0,0,19,0,,,,,,,,,,,,
0,3.8,20.1,0,20.2,1542.876,,,,,,,,,,,,
31,4.7,24.6,0,18.5,2138.97,,,,,,,,,,,,
58,5.1,21.3,0,28.6,3106.818,,,,,,,,,,,,
0,2.9,0,0,21.4,0,,,,,,,,,,,,
0,3.1,0,0,30.6,0,,,,,,,,,,,,
77,5.1,21.3,0,28.6,3106.818,,,,,,,,,,,,
0,3.7,0,0,13.2,0,,,,,,,,,,,,
49,3.5,53.3,0,25.3,4719.715,,,,,,,,,,,,
0,4,0,0,1.9,0,,,,,,,,,,,,
0,4.2,0,0,20.6,0,,,,,,,,,,,,
0,5.4,0,0,30.4,0,,,,,,,,,,,,
0,6.8,0,0,16.4,0,,,,,,,,,,,,
120,3,46.2,0,23.4,3243.24,,,,,,,,,,,,
50,4.7,24.6,0,18.5,2138.97,,,,,,,,,,,,
108,7.1,3,0,22.6,481.38,,,,,,,,,,,,
31,5.9,0,0,16.3,0,,,,,,,,,,,,
0,3.8,0,0,25.6,0,,,,,,,,,,,,
0,6.2,0,0,7.7,0,,,,,,,,,,,,
0,3.2,0,0,3.5,0,,,,,,,,,,,,
158,4.6,1.8,0,25.3,209.484,,,,,,,,,,,,
0,3.8,0,0,25.6,0,,,,,,,,,,,,
77,5.1,21.3,0,28.6,3106.818,,,,,,,,,,,,
42,4.2,29.5,0,25.4,3147.06,,,,,,,,,,,,
0,6.4,7.9,0,23.7,1198.272,,,,,,,,,,,,
31,3.4,3,0,28,285.6,,,,,,,,,,,,
74,2.7,30.7,0,18.1,1500.309,,,,,,,,,,,,
0,6.4,0,0,19.2,0,,,,,,,,,,,,
0,6.5,81.3,0,28.3,14955.135,,,,,,,,,,,,
0,4.7,0,0,23.2,0,,,,,,,,,,,,
97,5.1,0.8,0,29.8,121.584,,,,,,,,,,,,
32,6.5,81.3,0,28.3,14955.135,,,,,,,,,,,,
0,2.9,0,0,19.2,0,,,,,,,,,,,,
0,4,0,0,1.9,0,,,,,,,,,,,,
44,3.6,10.2,0,26.3,965.736,,,,,,,,,,,,
54,2.3,0,0,22.4,0,,,,,,,,,,,,
0,6,0,0,28.4,0,,,,,,,,,,,,
58,4.7,24.6,0,18.5,2138.97,,,,,,,,,,,,
0,3.8,0,0,22.2,0,,,,,,,,,,,,
55,3,46.2,0,23.4,3243.24,,,,,,,,,,,,
100,4.7,20.8,0,33.7,3294.512,,,,,,,,,,,,
0,3.3,0,0,21.9,0,,,,,,,,,,,,
0,2.5,0,0,28.5,0,,,,,,,,,,,,
46,6.9,20.6,0,20.1,2857.014,,,,,,,,,,,,
0,3.9,12.2,0,17.4,827.892,,,,,,,,,,,,
0,4,0,0,18.2,0,,,,,,,,,,,,
0,4.2,29.5,0,25.4,3147.06,,,,,,,,,,,,
0,5.9,0,0,23.8,0,,,,,,,,,,,,
247,3.5,53.3,0,25.3,4719.715,,,,,,,,,,,,
0,4.3,0,0,22.3,0,,,,,,,,,,,,
0,3.3,0,0,4.2,0,,,,,,,,,,,,
0,1.9,0,0,24.4,0,,,,,,,,,,,,
32,4.6,1.8,0,25.3,209.484,,,,,,,,,,,,
0,3,3.6,0,18.3,197.64,,,,,,,,,,,,
42,3,0.8,0,31.4,75.36,,,,,,,,,,,,
63,4.7,24.6,0,18.5,2138.97,,,,,,,,,,,,
0,2.3,0,0,-0.1,0,,,,,,,,,,,,
0,7.9,0,0,27.1,0,,,,,,,,,,,,
74,4.7,24.6,0,18.5,2138.97,,,,,,,,,,,,
30,2.1,2,0,27.4,115.08,,,,,,,,,,,,
45,4.7,24.6,0,18.5,2138.97,,,,,,,,,,,,
74,4.7,20.8,0,33.7,3294.512,,,,,,,,,,,,
78,4.2,29.5,0,25.4,3147.06,,,,,,,,,,,,
47,3.6,10.2,0,26.3,965.736,,,,,,,,,,,,
43,2,0,0,21.9,0,,,,,,,,,,,,
57,4.7,24.6,0,18.5,2138.97,,,,,,,,,,,,
141,7.8,18.5,0,26.1,3766.23,,,,,,,,,,,,
197,4.7,24.6,0,18.5,2138.97,,,,,,,,,,,,
0,3.4,0,0,17.1,0,,,,,,,,,,,,
39,5.1,0.8,0,29.8,121.584,,,,,,,,,,,,
0,4.7,0,0,23.2,0,,,,,,,,,,,,
0,3.5,53.3,0,25.3,4719.715,,,,,,,,,,,,
91,3.7,3,0,25.4,281.94,,,,,,,,,,,,
207,6.5,81.3,0,28.3,14955.135,,,,,,,,,,,,
36,3.6,10.2,0,26.3,965.736,,,,,,,,,,,,
0,4.2,10.9,0,29.7,1359.666,,,,,,,,,,,,
0,4.5,0,0,16.6,0,,,,,,,,,,,,
67,3.6,10.2,0,26.3,965.736,,,,,,,,,,,,
55,4.7,24.6,0,18.5,2138.97,,,,,,,,,,,,
49,2.1,2,0,27.4,115.08,,,,,,,,,,,,
0,2.6,0,0,16.3,0,,,,,,,,,,,,
0,2.9,0,0,11.1,0,,,,,,,,,,,,
42,5.1,0.8,0,29.8,121.584,,,,,,,,,,,,
0,2.5,0,0,6.7,0,,,,,,,,,,,,
0,2.9,0,0,30.3,0,,,,,,,,,,,,
32,2.9,3.6,0,25.7,268.308,,,,,,,,,,,,
0,2.6,0,0,31.4,0,,,,,,,,,,,,
258,8,4.1,0,27.2,892.16,,,,,,,,,,,,
32,3.4,3,0,28,285.6,,,,,,,,,,,,
53,4.7,24.6,0,18.5,2138.97,,,,,,,,,,,,
56,2.9,3.6,0,25.7,268.308,,,,,,,,,,,,
0,3,0,0,26.9,0,,,,,,,,,,,,
215,2.6,0,0,31.4,0,,,,,,,,,,,,
0,3.2,0,0,26.2,0,,,,,,,,,,,,
39,4.7,24.6,0,18.5,2138.97,,,,,,,,,,,,
0,4.6,0.8,0,25.4,93.472,,,,,,,,,,,,
162,2.9,0,0,30.1,0,,,,,,,,,,,,
55,4.7,24.6,0,18.5,2138.97,,,,,,,,,,,,
46,2.7,30.7,0,18.1,1500.309,,,,,,,,,,,,
0,3.3,0,0,4.2,0,,,,,,,,,,,,
142,4.7,24.6,0,18.5,2138.97,,,,,,,,,,,,
106,3,46.2,0,23.4,3243.24,,,,,,,,,,,,
41,7.2,3.8,0,26.5,725.04,,,,,,,,,,,,
69,5.6,0.3,0,7.8,13.104,,,,,,,,,,,,
77,5.1,21.3,0,28.6,3106.818,,,,,,,,,,,,
0,2.1,0,0,27.2,0,,,,,,,,,,,,
75,5.1,21.3,0,28.6,3106.818,,,,,,,,,,,,
0,3.3,19.8,0,6.7,437.778,,,,,,,,,,,,
0,5.4,0,0,30.4,0,,,,,,,,,,,,
0,3,0,0,28.4,0,,,,,,,,,,,,
120,7.8,18.5,0,26.1,3766.23,,,,,,,,,,,,
61,2.5,29.2,0,24.4,1781.2,,,,,,,,,,,,
0,2.5,29.2,0,24.4,1781.2,,,,,,,,,,,,
0,4.3,0,0,30.6,0,,,,,,,,,,,,
0,5.4,4.8,0,21.2,549.504,,,,,,,,,,,,
0,5,2.8,0,26.7,373.8,,,,,,,,,,,,
0,3.6,0,0,28.7,0,,,,,,,,,,,,
96,5.7,40.6,0,20.2,4674.684,,,,,,,,,,,,
208,5.1,21.3,0,28.6,3106.818,,,,,,,,,,,,
0,7.6,0,0,9,0,,,,,,,,,,,,
0,4,0,0,18.2,0,,,,,,,,,,,,
44,3,0.8,0,31.4,75.36,,,,,,,,,,,,
71,4.2,10.9,0,29.7,1359.666,,,,,,,,,,,,
39,2.1,2,0,27.4,115.08,,,,,,,,,,,,
0,2.3,0,0,29.6,0,,,,,,,,,,,,
242,2.9,3.6,0,25.7,268.308,,,,,,,,,,,,
0,5.9,0,0,15.3,0,,,,,,,,,,,,
0,3.5,0,0,7.1,0,,,,,,,,,,,,
0,8.3,0,0,30.6,0,,,,,,,,,,,,
40,4.7,20.8,0,33.7,3294.512,,,,,,,,,,,,
34,8.4,0,0,16,0,,,,,,,,,,,,
0,3,0,0,28.4,0,,,,,,,,,,,,
32,5.7,40.6,0,20.2,4674.684,,,,,,,,,,,,
0,7.6,0,0,-4.6,0,,,,,,,,,,,,
39,7.1,3,0,22.6,481.38,,,,,,,,,,,,
90,4.7,24.6,0,18.5,2138.97,,,,,,,,,,,,
44,2.6,0,0,31.4,0,,,,,,,,,,,,
0,3,46.2,0,23.4,3243.24,,,,,,,,,,,,
0,8.2,1.3,0,19.6,208.936,,,,,,,,,,,,
56,3.6,0,0,28.7,0,,,,,,,,,,,,
0,5.1,0,0,15.2,0,,,,,,,,,,,,
561,4.6,1.8,0,25.3,209.484,,,,,,,,,,,,
0,2.3,0,0,29.6,0,,,,,,,,,,,,
0,1.8,0,0,28.8,0,,,,,,,,,,,,
83,4.2,10.9,0,29.7,1359.666,,,,,,,,,,,,
0,4.5,0,0,13.4,0,,,,,,,,,,,,
66,5.9,0,0,16.3,0,,,,,,,,,,,,
155,4.2,29.5,0,25.4,3147.06,,,,,,,,,,,,
78,6.5,81.3,0,28.3,14955.135,,,,,,,,,,,,
0,2.2,0,0,12.7,0,,,,,,,,,,,,
118,5.1,21.3,0,28.6,3106.818,,,,,,,,,,,,
0,5.3,15.2,0,16.5,1329.24,,,,,,,,,,,,
0,4.4,0,0,30.5,0,,,,,,,,,,,,
0,2.9,0,0,17.7,0,,,,,,,,,,,,
0,6.3,0,0,19.4,0,,,,,,,,,,,,
38,2.9,0,0,30.1,0,,,,,,,,,,,,
36,3.6,10.2,0,26.3,965.736,,,,,,,,,,,,
0,5.9,0,0,16.3,0,,,,,,,,,,,,
0,2.4,0,0,15,0,,,,,,,,,,,,
0,7.6,0,0,-4.6,0,,,,,,,,,,,,
76,6.5,81.3,0,28.3,14955.135,,,,,,,,,,,,
118,2.9,0,0,30.1,0,,,,,,,,,,,,
0,3.8,0,0,32.3,0,,,,,,,,,,,,
138,4.2,29.5,0,25.4,3147.06,,,,,,,,,,,,
0,3.1,0,0,30.6,0,,,,,,,,,,,,
49,6.5,81.3,0,28.3,14955.135,,,,,,,,,,,,
0,3.1,0,0,8.5,0,,,,,,,,,,,,
0,4.2,0,0,10,0,,,,,,,,,,,,
0,4,0,0,34,0,,,,,,,,,,,,
0,6.1,0.3,0,25.9,47.397,,,,,,,,,,,,
0,6,0,0,18,0,,,,,,,,,,,,
51,5.1,0.8,0,29.8,121.584,,,,,,,,,,,,
0,4.9,0,0,22.9,0,,,,,,,,,,,,
0,3,0,0,28.4,0,,,,,,,,,,,,
38,7.1,3,0,22.6,481.38,,,,,,,,,,,,
0,2.8,0,0,6.2,0,,,,,,,,,,,,
78,4.8,0,0,25,0,,,,,,,,,,,,
59,3.5,53.3,0,25.3,4719.715,,,,,,,,,,,,
70,9.6,0,0,16.1,0,,,,,,,,,,,,
0,5.2,0,0,31.7,0,,,,,,,,,,,,
0,6.8,0,0,16.4,0,,,,,,,,,,,,
0,4.1,0,0,30.2,0,,,,,,,,,,,,
128,5.9,0,0,16.3,0,,,,,,,,,,,,
40,3,8.9,0,31.3,835.71,,,,,,,,,,,,
0,7.1,0,0,20.3,0,,,,,,,,,,,,
750,7.9,0,0,10.2,0,,,,,,,,,,,,
0,2.9,0,0,27.3,0,,,,,,,,,,,,
0,2.2,0,0,29.7,0,,,,,,,,,,,,
51,4.6,1.8,0,25.3,209.484,,,,,,,,,,,,
0,3.2,0,0,3.5,0,,,,,,,,,,,,
106,5.1,21.3,0,28.6,3106.818,,,,,,,,,,,,
40,7.1,3,0,22.6,481.38,,,,,,,,,,,,
81,4.7,24.6,0,18.5,2138.97,,,,,,,,,,,,
0,3.2,0,0,12.7,0,,,,,,,,,,,,
0,4.9,0,0,22.9,0,,,,,,,,,,,,
0,5,2.8,0,26.7,373.8,,,,,,,,,,,,
60,3,8.9,0,31.3,835.71,,,,,,,,,,,,
51,5.7,40.6,0,20.2,4674.684,,,,,,,,,,,,
161,6.5,81.3,0,28.3,14955.135,,,,,,,,,,,,
81,7.1,3,0,22.6,481.38,,,,,,,,,,,,
33,5.3,9.7,0,28.7,1475.467,,,,,,,,,,,,
0,3.8,0,0,29.3,0,,,,,,,,,,,,
0,2.6,0,0,25,0,,,,,,,,,,,,
178,4.2,10.9,0,29.7,1359.666,,,,,,,,,,,,
0,4.6,0,0,24.2,0,,,,,,,,,,,,
0,6.8,0,0,16.4,0,,,,,,,,,,,,
0,3,2,0,26.4,158.4,,,,,,,,,,,,
113,4.2,29.5,0,25.4,3147.06,,,,,,,,,,,,
0,3,2,0,26.4,158.4,,,,,,,,,,,,
82,2.9,3.6,0,25.7,268.308,,,,,,,,,,,,
39,3,8.9,0,31.3,835.71,,,,,,,,,,,,
68,3,46.2,0,23.4,3243.24,,,,,,,,,,,,
30,4.2,10.9,0,29.7,1359.666,,,,,,,,,,,,
0,6,0,0,21.7,0,,,,,,,,,,,,
59,7.6,4.8,0,8.4,306.432,,,,,,,,,,,,
36,3,46.2,0,23.4,3243.24,,,,,,,,,,,,
35,7.6,4.8,0,8.4,306.432,,,,,,,,,,,,
57,4.2,29.5,0,25.4,3147.06,,,,,,,,,,,,
0,4.6,9.4,0,11.4,492.936,,,,,,,,,,,,
30,3.5,53.3,0,25.3,4719.715,,,,,,,,,,,,
0,2.7,0,0,28.5,0,,,,,,,,,,,,
0,6,0,0,32.2,0,,,,,,,,,,,,
0,5.5,0,0,28.2,0,,,,,,,,,,,,
0,2.2,0,0,12.7,0,,,,,,,,,,,,
0,7.6,0,0,-4.6,0,,,,,,,,,,,,
45,3.7,3,0,25.4,281.94,,,,,,,,,,,,
37,5.1,21.3,0,28.6,3106.818,,,,,,,,,,,,
42,6.9,20.6,0,20.1,2857.014,,,,,,,,,,,,
72,4.7,20.8,0,33.7,3294.512,,,,,,,,,,,,
0,6.4,0,0,13.7,0,,,,,,,,,,,,
73,5.1,0.8,0,29.8,121.584,,,,,,,,,,,,
0,6,0,0,18,0,,,,,,,,,,,,
31,4.6,1.8,0,25.3,209.484,,,,,,,,,,,,
84,5.1,21.3,0,28.6,3106.818,,,,,,,,,,,,
0,6.1,41.7,0,22.4,5697.888,,,,,,,,,,,,
0,3.5,0,0,23.8,0,,,,,,,,,,,,
43,3,46.2,0,23.4,3243.24,,,,,,,,,,,,
86,7.2,3.8,0,26.5,725.04,,,,,,,,,,,,
0,2.4,0,0,15,0,,,,,,,,,,,,
0,4.5,0.5,0,17.6,39.6,,,,,,,,,,,,
137,2.7,30.7,0,18.1,1500.309,,,,,,,,,,,,
49,2.6,0,0,31.4,0,,,,,,,,,,,,
0,3.6,0,0,30.7,0,,,,,,,,,,,,
191,3.5,53.3,0,25.3,4719.715,,,,,,,,,,,,
88,7.2,3.8,0,26.5,725.04,,,,,,,,,,,,
54,8,4.1,0,27.2,892.16,,,,,,,,,,,,
104,3.5,53.3,0,25.3,4719.715,,,,,,,,,,,,
0,3.8,0,0,20.3,0,,,,,,,,,,,,
0,3.8,0,0,20.1,0,,,,,,,,,,,,
0,3.6,10.2,0,26.3,965.736,,,,,,,,,,,,
0,4,0,0,34,0,,,,,,,,,,,,
0,5,0,0,11.5,0,,,,,,,,,,,,
150,7.8,18.5,0,26.1,3766.23,,,,,,,,,,,,
0,3.7,3,0,25.4,281.94,,,,,,,,,,,,
0,4,0,0,1.9,0,,,,,,,,,,,,
66,5.9,0,0,16.3,0,,,,,,,,,,,,
30,5.1,0.8,0,29.8,121.584,,,,,,,,,,,,
41,5.7,40.6,0,20.2,4674.684,,,,,,,,,,,,
0,3.8,0,0,9.4,0,,,,,,,,,,,,
0,5.5,0,0,28.2,0,,,,,,,,,,,,
0,3.1,0,0,8.5,0,,,,,,,,,,,,
95,4.7,24.6,0,18.5,2138.97,,,,,,,,,,,,
0,4.2,0,0,7.6,0,,,,,,,,,,,,
96,5.9,0,0,16.3,0,,,,,,,,,,,,
0,3,0,0,29.2,0,,,,,,,,,,,,
93,10.3,10.7,0,21.8,2402.578,,,,,,,,,,,,
159,5.9,0,0,16.3,0,,,,,,,,,,,,
48,5.3,9.7,0,28.7,1475.467,,,,,,,,,,,,
77,10.3,10.7,0,21.8,2402.578,,,,,,,,,,,,
0,8.4,0,0,16,0,,,,,,,,,,,,
0,4.9,0,0,22.9,0,,,,,,,,,,,,
0,2.9,0,0,8.9,0,,,,,,,,,,,,
0,2.3,0,0,22.4,0,,,,,,,,,,,,
74,2.6,0,0,31.4,0,,,,,,,,,,,,
44,3,8.9,0,31.3,835.71,,,,,,,,,,,,
35,4.6,1.8,0,25.3,209.484,,,,,,,,,,,,
0,2.1,0,0,27.2,0,,,,,,,,,,,,
0,4.9,0,0,27.4,0,,,,,,,,,,,,
83,4.7,20.8,0,33.7,3294.512,,,,,,,,,,,,
0,3.2,0,0,17.9,0,,,,,,,,,,,,
0,2.5,0,0,6.7,0,,,,,,,,,,,,
0,1.6,0,0,20.7,0,,,,,,,,,,,,
38,3,0.8,0,31.4,75.36,,,,,,,,,,,,
0,2.2,1.3,0,8.2,23.452,,,,,,,,,,,,
0,5.9,0,0,31.3,0,,,,,,,,,,,,
1047,5.1,21.3,0,28.6,3106.818,,,,,,,,,,,,
225,4.2,29.5,0,25.4,3147.06,,,,,,,,,,,,
0,6.7,0,0,24.9,0,,,,,,,,,,,,
41,3,8.9,0,31.3,835.71,,,,,,,,,,,,
69,3,46.2,0,23.4,3243.24,,,,,,,,,,,,
47,3.6,10.2,0,26.3,965.736,,,,,,,,,,,,
50,5.1,21.3,0,28.6,3106.818,,,,,,,,,,,,
38,4.7,24.6,0,18.5,2138.97,,,,,,,,,,,,
41,4.7,24.6,0,18.5,2138.97,,,,,,,,,,,,
0,3.8,0,0,22.2,0,,,,,,,,,,,,
0,4.3,0,0,21.8,0,,,,,,,,,,,,
101,3,46.2,0,23.4,3243.24,,,,,,,,,,,,
0,3.2,0,0,12.7,0,,,,,,,,,,,,
0,7.1,3,0,22.6,481.38,,,,,,,,,,,,
0,4.9,0,0,22.9,0,,,,,,,,,,,,
109,2.9,0,0,30.1,0,,,,,,,,,,,,
0,6.1,41.7,0,22.4,5697.888,,,,,,,,,,,,
54,2.9,3.6,0,25.7,268.308,,,,,,,,,,,,
0,3.4,3,0,28,285.6,,,,,,,,,,,,
0,5.9,0,0,29.3,0,,,,,,,,,,,,
300,2.6,0,0,31.4,0,,,,,,,,,,,,
67,7.2,3.8,0,26.5,725.04,,,,,,,,,,,,
31,4.7,24.6,0,18.5,2138.97,,,,,,,,,,,,
0,4.5,0.5,0,17.6,39.6,,,,,,,,,,,,
0,2,0,0,8.3,0,,,,,,,,,,,,
0,2.5,0,0,29.2,0,,,,,,,,,,,,
67,3,46.2,0,23.4,3243.24,,,,,,,,,,,,
51,8,4.1,0,27.2,892.16,,,,,,,,,,,,
0,1.8,0,0,28.8,0,,,,,,,,,,,,
0,4.6,0,0,31.9,0,,,,,,,,,,,,
0,5.3,0,0,28.4,0,,,,,,,,,,,,
70,2.9,3.6,0,25.7,268.308,,,,,,,,,,,,
0,5.2,0,0,31.7,0,,,,,,,,,,,,
0,5.9,0,0,27.8,0,,,,,,,,,,,,
43,5.1,21.3,0,28.6,3106.818,,,,,,,,,,,,
187,4.7,24.6,0,18.5,2138.97,,,,,,,,,,,,
123,4.8,0,0,25,0,,,,,,,,,,,,
54,2.9,3.6,0,25.7,268.308,,,,,,,,,,,,
0,1.9,0,0,24.4,0,,,,,,,,,,,,
0,6.5,0,0,11.7,0,,,,,,,,,,,,
0,7.1,3,0,22.6,481.38,,,,,,,,,,,,
0,5.1,0,0,8.2,0,,,,,,,,,,,,
0,3.6,1,0,17.3,62.28,,,,,,,,,,,,
0,5.9,0,0,29.3,0,,,,,,,,,,,,
320,4.7,20.8,0,33.7,3294.512,,,,,,,,,,,,
66,2.5,29.2,0,24.4,1781.2,,,,,,,,,,,,
159,5.1,21.3,0,28.6,3106.818,,,,,,,,,,,,
66,3.4,3,0,28,285.6,,,,,,,,,,,,
35,6.9,20.6,0,20.1,2857.014,,,,,,,,,,,,
78,5.9,0,0,16.3,0,,,,,,,,,,,,
48,5.1,0.8,0,29.8,121.584,,,,,,,,,,,,
0,6.7,0,0,24.9,0,,,,,,,,,,,,
46,5.1,21.3,0,28.6,3106.818,,,,,,,,,,,,
175,4.2,29.5,0,25.4,3147.06,,,,,,,,,,,,
201,4.7,24.6,0,18.5,2138.97,,,,,,,,,,,,
0,4.7,24.6,0,18.5,2138.97,,,,,,,,,,,,
103,7.2,3.8,0,26.5,725.04,,,,,,,,,,,,
83,10.3,10.7,0,21.8,2402.578,,,,,,,,,,,,
74,3.2,0,0,18.2,0,,,,,,,,,,,,
0,4,0,0,18.2,0,,,,,,,,,,,,
0,4.3,0,0,15.9,0,,,,,,,,,,,,
78,5.1,0.8,0,29.8,121.584,,,,,,,,,,,,
61,4.7,24.6,0,18.5,2138.97,,,,,,,,,,,,
50,3.6,10.2,0,26.3,965.736,,,,,,,,,,,,
103,3.6,10.2,0,26.3,965.736,,,,,,,,,,,,
76,6.5,81.3,0,28.3,14955.135,,,,,,,,,,,,
0,3,3.6,0,18.3,197.64,,,,,,,,,,,,
36,5.1,21.3,0,28.6,3106.818,,,,,,,,,,,,
120,5.7,40.6,0,20.2,4674.684,,,,,,,,,,,,
0,4.2,0,0,29,0,,,,,,,,,,,,
97,4.2,10.9,0,29.7,1359.666,,,,,,,,,,,,
125,4.7,20.8,0,33.7,3294.512,,,,,,,,,,,,
58,2.5,29.2,0,24.4,1781.2,,,,,,,,,,,,
0,2.2,0,0,12.7,0,,,,,,,,,,,,
0,5.9,0,0,15.3,0,,,,,,,,,,,,
35,3,8.9,0,31.3,835.71,,,,,,,,,,,,
166,2.5,29.2,0,24.4,1781.2,,,,,,,,,,,,
0,4.9,2,0,16.9,165.62,,,,,,,,,,,,
58,5.7,40.6,0,20.2,4674.684,,,,,,,,,,,,
0,5,14.5,0,16.4,1189,,,,,,,,,,,,
43,6.9,20.6,0,20.1,2857.014,,,,,,,,,,,,
0,5.6,0,0,30.1,0,,,,,,,,,,,,
44,5.7,40.6,0,20.2,4674.684,,,,,,,,,,,,
41,4.2,10.9,0,29.7,1359.666,,,,,,,,,,,,
0,4,1.3,0,25.7,133.64,,,,,,,,,,,,
154,3.5,53.3,0,25.3,4719.715,,,,,,,,,,,,
0,6,0,0,31.1,0,,,,,,,,,,,,
33,6.9,20.6,0,20.1,2857.014,,,,,,,,,,,,
0,2.9,0,0,21.4,0,,,,,,,,,,,,
0,1.9,0,0,24.4,0,,,,,,,,,,,,
59,2.9,0,0,30.1,0,,,,,,,,,,,,
0,8.3,0,0,9.9,0,,,,,,,,,,,,
30,4.7,20.8,0,33.7,3294.512,,,,,,,,,,,,
36,4.6,1.8,0,25.3,209.484,,,,,,,,,,,,
0,8.3,0,0,30.6,0,,,,,,,,,,,,
111,3,0.8,0,31.4,75.36,,,,,,,,,,,,
52,3,46.2,0,23.4,3243.24,,,,,,,,,,,,
113,4.7,20.8,0,33.7,3294.512,,,,,,,,,,,,
35,7.6,4.8,0,8.4,306.432,,,,,,,,,,,,
0,5.6,0.3,0,7.8,13.104,,,,,,,,,,,,
57,2.9,3.6,0,25.7,268.308,,,,,,,,,,,,
49,6.9,20.6,0,20.1,2857.014,,,,,,,,,,,,
0,4.6,0,0,32.9,0,,,,,,,,,,,,
59,10.3,10.7,0,21.8,2402.578,,,,,,,,,,,,
0,2.7,0,0,15.1,0,,,,,,,,,,,,
49,5.7,40.6,0,20.2,4674.684,,,,,,,,,,,,
33,2.1,2,0,27.4,115.08,,,,,,,,,,,,
0,3.9,2,0,25.9,202.02,,,,,,,,,,,,
0,4.5,0,0,6.6,0,,,,,,,,,,,,
64,4.7,24.6,0,18.5,2138.97,,,,,,,,,,,,
145,4.2,29.5,0,25.4,3147.06,,,,,,,,,,,,
0,3.7,0,0,4.3,0,,,,,,,,,,,,
145,4.2,29.5,0,25.4,3147.06,,,,,,,,,,,,
50,5.9,0,0,16.3,0,,,,,,,,,,,,
0,10.7,0,0,15.5,0,,,,,,,,,,,,
0,4.8,2,0,15.6,149.76,,,,,,,,,,,,
0,4.1,0,0,16.9,0,,,,,,,,,,,,
36,5.1,21.3,0,28.6,3106.818,,,,,,,,,,,,
0,3.2,0,0,21.1,0,,,,,,,,,,,,
0,5.9,0,0,16.3,0,,,,,,,,,,,,
0,2.9,0,0,8.9,0,,,,,,,,,,,,
60,8,4.1,0,27.2,892.16,,,,,,,,,,,,
0,3.7,0,0,8.7,0,,,,,,,,,,,,
0,2.6,0,0,16.3,0,,,,,,,,,,,,
37,6.9,20.6,0,20.1,2857.014,,,,,,,,,,,,
0,4.2,0,0,29,0,,,,,,,,,,,,
39,4.2,10.9,0,29.7,1359.666,,,,,,,,,,,,
0,7,0,0,19.1,0,,,,,,,,,,,,
0,6.2,0,0,30.1,0,,,,,,,,,,,,
0,6.5,0,0,26.6,0,,,,,,,,,,,,
49,6.5,81.3,0,28.3,14955.135,,,,,,,,,,,,
92,2.6,0,0,31.4,0,,,,,,,,,,,,
30,2.1,2,0,27.4,115.08,,,,,,,,,,,,
0,2.9,0,0,27.3,0,,,,,,,,,,,,
35,7.6,4.8,0,8.4,306.432,,,,,,,,,,,,
48,4.7,24.6,0,18.5,2138.97,,,,,,,,,,,,
0,2.9,0,0,30.3,0,,,,,,,,,,,,
0,4.2,0,0,7.6,0,,,,,,,,,,,,
0,7.1,3,0,22.6,481.38,,,,,,,,,,,,
0,6.1,41.7,0,22.4,5697.888,,,,,,,,,,,,
60,6.6,0,0,19.4,0,,,,,,,,,,,,
0,2.6,0,0,31.4,0,,,,,,,,,,,,
209,4.6,1.8,0,25.3,209.484,,,,,,,,,,,,
0,6.7,0,0,24.9,0,,,,,,,,,,,,
118,4.2,29.5,0,25.4,3147.06,,,,,,,,,,,,
34,2.1,2,0,27.4,115.08,,,,,,,,,,,,
0,5.5,0,0,28.2,0,,,,,,,,,,,,
35,2.9,0,0,30.1,0,,,,,,,,,,,,
30,4.7,24.6,0,18.5,2138.97,,,,,,,,,,,,
0,5.1,0.8,0,29.8,121.584,,,,,,,,,,,,
115,7.8,18.5,0,26.1,3766.23,,,,,,,,,,,,
0,3.2,0,0,21.1,0,,,,,,,,,,,,
35,4.7,24.6,0,18.5,2138.97,,,,,,,,,,,,
0,4.8,2,0,15.6,149.76,,,,,,,,,,,,
0,5.2,0,0,19.4,0,,,,,,,,,,,,
0,5.6,0,0,9.3,0,,,,,,,,,,,,
141,3,8.9,0,31.3,835.71,,,,,,,,,,,,
75,3.5,53.3,0,25.3,4719.715,,,,,,,,,,,,
111,4.7,24.6,0,18.5,2138.97,,,,,,,,,,,,
45,4.7,24.6,0,18.5,2138.97,,,,,,,,,,,,
110,7.2,3.8,0,26.5,725.04,,,,,,,,,,,,
75,3.5,53.3,0,25.3,4719.715,,,,,,,,,,,,
0,3.9,0,0,13.9,0,,,,,,,,,,,,
60,3,8.9,0,31.3,835.71,,,,,,,,,,,,
46,2.1,2,0,27.4,115.08,,,,,,,,,,,,
43,3.6,10.2,0,26.3,965.736,,,,,,,,,,,,
0,5.7,0,0,15.7,0,,,,,,,,,,,,
49,4.7,24.6,0,18.5,2138.97,,,,,,,,,,,,
71,4.7,24.6,0,18.5,2138.97,,,,,,,,,,,,
33,2.9,10.2,0,22.2,656.676,,,,,,,,,,,,
57,4.7,24.6,0,18.5,2138.97,,,,,,,,,,,,
49,2.9,3.6,0,25.7,268.308,,,,,,,,,,,,
32,3,46.2,0,23.4,3243.24,,,,,,,,,,,,
0,3,0,0,28.4,0,,,,,,,,,,,,
79,3.4,3,0,28,285.6,,,,,,,,,,,,
30,5.3,9.7,0,28.7,1475.467,,,,,,,,,,,,
0,4.5,0.5,0,17.6,39.6,,,,,,,,,,,,
0,4.6,0,0,10.2,0,,,,,,,,,,,,
30,2.6,0,0,31.4,0,,,,,,,,,,,,
0,3.5,0,0,23.8,0,,,,,,,,,,,,
0,3.3,0,0,4.2,0,,,,,,,,,,,,
0,3.4,0,0,17.1,0,,,,,,,,,,,,
121,7.8,18.5,0,26.1,3766.23,,,,,,,,,,,,
96,4.2,29.5,0,25.4,3147.06,,,,,,,,,,,,
125,3,46.2,0,23.4,3243.24,,,,,,,,,,,,
0,6,0,0,31.1,0,,,,,,,,,,,,
82,3,8.9,0,31.3,835.71,,,,,,,,,,,,
0,4.8,0,0,16.4,0,,,,,,,,,,,,
135,7.8,18.5,0,26.1,3766.23,,,,,,,,,,,,
0,4,0,0,1.9,0,,,,,,,,,,,,
55,5.1,0.8,0,29.8,121.584,,,,,,,,,,,,
80,4.7,24.6,0,18.5,2138.97,,,,,,,,,,,,
137,7.6,4.8,0,8.4,306.432,,,,,,,,,,,,
81,4.6,1.8,0,25.3,209.484,,,,,,,,,,,,
0,1.8,0,0,28.8,0,,,,,,,,,,,,
76,6.5,81.3,0,28.3,14955.135,,,,,,,,,,,,
76,2.5,29.2,0,24.4,1781.2,,,,,,,,,,,,
34,4.2,10.9,0,29.7,1359.666,,,,,,,,,,,,
0,4.3,0,0,30.6,0,,,,,,,,,,,,
0,4.9,0,0,12.9,0,,,,,,,,,,,,
32,3.4,3,0,28,285.6,,,,,,,,,,,,
45,2.4,0,0,15,0,,,,,,,,,,,,
31,8,4.1,0,27.2,892.16,,,,,,,,,,,,
40,3.6,0,0,28.7,0,,,,,,,,,,,,
128,3,46.2,0,23.4,3243.24,,,,,,,,,,,,
84,7.2,3.8,0,26.5,725.04,,,,,,,,,,,,
0,2.5,0,0,6.7,0,,,,,,,,,,,,
0,3.3,0,0,21.1,0,,,,,,,,,,,,
62,3,46.2,0,23.4,3243.24,,,,,,,,,,,,
0,3.9,0,0,27.1,0,,,,,,,,,,,,
0,9.2,0,0,30.9,0,,,,,,,,,,,,
0,6.1,41.7,0,22.4,5697.888,,,,,,,,,,,,
60,3.8,20.1,0,20.2,1542.876,,,,,,,,,,,,
169,4.2,29.5,0,25.4,3147.06,,,,,,,,,,,,
82,2.9,3.6,0,25.7,268.308,,,,,,,,,,,,
63,4.7,20.8,0,33.7,3294.512,,,,,,,,,,,,
0,3.6,0,0,30.7,0,,,,,,,,,,,,
0,2.9,0,0,11.1,0,,,,,,,,,,,,
0,2.6,1.5,0,19.1,74.49,,,,,,,,,,,,
0,3.2,0.3,0,12.1,11.616,,,,,,,,,,,,
84,5.1,21.3,0,28.6,3106.818,,,,,,,,,,,,
0,4.2,0,0,31.1,0,,,,,,,,,,,,
53,2.9,3.6,0,25.7,268.308,,,,,,,,,,,,
164,3.9,2,0,25.9,202.02,,,,,,,,,,,,
0,4.4,0.3,0,10,13.2,,,,,,,,,,,,
0,2.9,0,0,30.3,0,,,,,,,,,,,,
45,7.6,4.8,0,8.4,306.432,,,,,,,,,,,,
141,4.7,20.8,0,33.7,3294.512,,,,,,,,,,,,
86,4.2,29.5,0,25.4,3147.06,,,,,,,,,,,,
205,3,46.2,0,23.4,3243.24,,,,,,,,,,,,
128,3.6,10.2,0,26.3,965.736,,,,,,,,,,,,
140,8,4.1,0,27.2,892.16,,,,,,,,,,,,
63,2.9,3.6,0,25.7,268.308,,,,,,,,,,,,
36,7.1,3,0,22.6,481.38,,,,,,,,,,,,
0,7.9,0,0,27.1,0,,,,,,,,,,,,
40,3.4,3,0,28,285.6,,,,,,,,,,,,
0,6.2,23.4,0,22.2,3220.776,,,,,,,,,,,,
0,5,0,0,29.2,0,,,,,,,,,,,,
96,4.6,1.8,0,25.3,209.484,,,,,,,,,,,,
0,7.2,3.8,0,26.5,725.04,,,,,,,,,,,,
60,3,8.9,0,31.3,835.71,,,,,,,,,,,,
233,8,4.1,0,27.2,892.16,,,,,,,,,,,,
0,5.1,0.8,0,29.8,121.584,,,,,,,,,,,,
35,4.7,24.6,0,18.5,2138.97,,,,,,,,,,,,
99,2.5,29.2,0,24.4,1781.2,,,,,,,,,,,,
0,7.2,0,0,21.7,0,,,,,,,,,,,,
0,7.6,0,0,12.6,0,,,,,,,,,,,,
0,4.7,20.8,0,33.7,3294.512,,,,,,,,,,,,
0,4.6,0,0,10.2,0,,,,,,,,,,,,
81,4.2,10.9,0,29.7,1359.666,,,,,,,,,,,,
0,8.1,2,0,31.6,511.92,,,,,,,,,,,,
0,3.6,0,0,10.5,0,,,,,,,,,,,,
0,3.4,0,0,19.1,0,,,,,,,,,,,,
315,4.2,29.5,0,25.4,3147.06,,,,,,,,,,,,
71,2.3,0,0,22.4,0,,,,,,,,,,,,
38,4.8,0,0,25,0,,,,,,,,,,,,
39,2.9,3.6,0,25.7,268.308,,,,,,,,,,,,
90,3.5,53.3,0,25.3,4719.715,,,,,,,,,,,,
55,5.1,0.8,0,29.8,121.584,,,,,,,,,,,,
46,4.2,10.9,0,29.7,1359.666,,,,,,,,,,,,
0,2.2,0,0,12.7,0,,,,,,,,,,,,
115,2.9,3.6,0,25.7,268.308,,,,,,,,,,,,
0,3.3,4.1,0,23.2,313.896,,,,,,,,,,,,
0,6.7,0,0,24.9,0,,,,,,,,,,,,
0,3,17,0,23.9,1218.9,,,,,,,,,,,,
75,7.2,3.8,0,26.5,725.04,,,,,,,,,,,,
0,3.2,0,0,26.2,0,,,,,,,,,,,,
0,5.1,0.8,0,29.8,121.584,,,,,,,,,,,,
43,5.3,9.7,0,28.7,1475.467,,,,,,,,,,,,
0,3.2,0.3,0,12.1,11.616,,,,,,,,,,,,
0,4.2,10.9,0,29.7,1359.666,,,,,,,,,,,,
121,2.5,29.2,0,24.4,1781.2,,,,,,,,,,,,
30,5.3,9.7,0,28.7,1475.467,,,,,,,,,,,,
103,7.2,3.8,0,26.5,725.04,,,,,,,,,,,,
35,7.1,3,0,22.6,481.38,,,,,,,,,,,,
0,2.2,0,0,12.7,0,,,,,,,,,,,,
0,4.4,0.3,0,10,13.2,,,,,,,,,,,,
39,3.6,10.2,0,26.3,965.736,,,,,,,,,,,,
0,2.7,0,0,28.5,0,,,,,,,,,,,,
46,8,4.1,0,27.2,892.16,,,,,,,,,,,,
61,4.7,24.6,0,18.5,2138.97,,,,,,,,,,,,
0,6.2,23.4,0,22.2,3220.776,,,,,,,,,,,,
42,4.6,1.8,0,25.3,209.484,,,,,,,,,,,,
0,4.7,0,0,6.4,0,,,,,,,,,,,,
0,6.3,0,0,31.1,0,,,,,,,,,,,,
0,8.3,0,0,9.9,0,,,,,,,,,,,,
116,4.2,10.9,0,29.7,1359.666,,,,,,,,,,,,
31,3,46.2,0,23.4,3243.24,,,,,,,,,,,,
0,5.2,0,0,31.7,0,,,,,,,,,,,,
52,7.6,4.8,0,8.4,306.432,,,,,,,,,,,,
0,3.3,0,0,21.1,0,,,,,,,,,,,,
47,3.6,10.2,0,26.3,965.736,,,,,,,,,,,,
0,2.9,0.5,0,29.4,42.63,,,,,,,,,,,,
30,5.7,40.6,0,20.2,4674.684,,,,,,,,,,,,
76,3.4,3,0,28,285.6,,,,,,,,,,,,
195,4.2,29.5,0,25.4,3147.06,,,,,,,,,,,,
174,2.5,29.2,0,24.4,1781.2,,,,,,,,,,,,
0,2.1,0,0,27.2,0,,,,,,,,,,,,
62,8,4.1,0,27.2,892.16,,,,,,,,,,,,
0,4.6,0,0,9.9,0,,,,,,,,,,,,
45,2.9,0,0,30.1,0,,,,,,,,,,,,
0,5.3,0,0,20.9,0,,,,,,,,,,,,
0,6.6,0,0,19.4,0,,,,,,,,,,,,
0,4.6,0,0,30.6,0,,,,,,,,,,,,
36,5.9,0,0,16.3,0,,,,,,,,,,,,
0,5.2,0,0,31.7,0,,,,,,,,,,,,
134,5.1,0.8,0,29.8,121.584,,,,,,,,,,,,
0,7.8,0,0,27.6,0,,,,,,,,,,,,
0,2.3,0,0,5.9,0,,,,,,,,,,,,
0,6.2,0,0,30.1,0,,,,,,,,,,,,
0,2.6,1.5,0,19.1,74.49,,,,,,,,,,,,
208,5.1,21.3,0,28.6,3106.818,,,,,,,,,,,,
0,7.8,0,0,27.6,0,,,,,,,,,,,,
0,4.6,0,0,7.3,0,,,,,,,,,,,,
65,6.5,81.3,0,28.3,14955.135,,,,,,,,,,,,
118,4.7,24.6,0,18.5,2138.97,,,,,,,,,,,,
91,4.8,0,0,25,0,,,,,,,,,,,,
0,5,0,0,11.5,0,,,,,,,,,,,,
61,7.2,3.8,0,26.5,725.04,,,,,,,,,,,,
0,4.8,0,0,12.6,0,,,,,,,,,,,,
0,4.9,0,0,22.9,0,,,,,,,,,,,,
0,4.4,0,0,32.7,0,,,,,,,,,,,,
0,5.9,0,0,16.3,0,,,,,,,,,,,,
0,1.7,0,0,19,0,,,,,,,,,,,,
0,5.4,0,0,30.4,0,,,,,,,,,,,,
62,2.3,0,0,22.4,0,,,,,,,,,,,,
173,2.9,3.6,0,25.7,268.308,,,,,,,,,,,,
0,3,0,0,29.2,0,,,,,,,,,,,,
0,6.5,0,0,26.6,0,,,,,,,,,,,,
443,2.5,29.2,0,24.4,1781.2,,,,,,,,,,,,
0,8.8,1,0,19.4,170.72,,,,,,,,,,,,
0,4.7,0,0,6.4,0,,,,,,,,,,,,
0,3.8,0,0,33.4,0,,,,,,,,,,,,
69,2.5,29.2,0,24.4,1781.2,,,,,,,,,,,,
0,3.9,12.2,0,17.4,827.892,,,,,,,,,,,,
0,4.8,0,0,17.6,0,,,,,,,,,,,,
37,2.9,0,0,30.1,0,,,,,,,,,,,,
43,4.7,24.6,0,18.5,2138.97,,,,,,,,,,,,
0,3.9,0,0,31.8,0,,,,,,,,,,,,
0,8.4,0,0,6.9,0,,,,,,,,,,,,
0,3.8,0,0,24,0,,,,,,,,,,,,
0,3.2,0,0,17.9,0,,,,,,,,,,,,
92,4.2,10.9,0,29.7,1359.666,,,,,,,,,,,,
0,4.9,2,0,16.9,165.62,,,,,,,,,,,,
0,5.3,15.2,0,16.5,1329.24,,,,,,,,,,,,
0,5.1,0,0,8.2,0,,,,,,,,,,,,
45,2.9,3.6,0,25.7,268.308,,,,,,,,,,,,
102,3.7,3,0,25.4,281.94,,,,,,,,,,,,
31,3,8.9,0,31.3,835.71,,,,,,,,,,,,
48,3.6,10.2,0,26.3,965.736,,,,,,,,,,,,
77,4.7,24.6,0,18.5,2138.97,,,,,,,,,,,,
105,2.5,29.2,0,24.4,1781.2,,,,,,,,,,,,
89,4.2,10.9,0,29.7,1359.666,,,,,,,,,,,,
0,8.3,0,0,30.6,0,,,,,,,,,,,,
76,2.6,0,0,31.4,0,,,,,,,,,,,,
34,5.7,40.6,0,20.2,4674.684,,,,,,,,,,,,
47,7.6,4.8,0,8.4,306.432,,,,,,,,,,,,
0,4.5,0,0,33.5,0,,,,,,,,,,,,
41,5.3,9.7,0,28.7,1475.467,,,,,,,,,,,,
0,5,0,0,29.2,0,,,,,,,,,,,,
59,3.6,10.2,0,26.3,965.736,,,,,,,,,,,,
118,6.5,81.3,0,28.3,14955.135,,,,,,,,,,,,
84,7.2,3.8,0,26.5,725.04,,,,,,,,,,,,
0,5,0,0,29.2,0,,,,,,,,,,,,
65,5.1,21.3,0,28.6,3106.818,,,,,,,,,,,,
44,2.9,0,0,30.1,0,,,,,,,,,,,,
0,2.9,0,0,19.2,0,,,,,,,,,,,,
0,1.8,0,0,28.8,0,,,,,,,,,,,,
0,3.3,4.1,0,23.2,313.896,,,,,,,,,,,,
41,5.1,0.8,0,29.8,121.584,,,,,,,,,,,,
78,5.1,21.3,0,28.6,3106.818,,,,,,,,,,,,
0,5.7,0,0,15.7,0,,,,,,,,,,,,
0,3.9,0,0,13.9,0,,,,,,,,,,,,
0,7.2,0,0,3.3,0,,,,,,,,,,,,
75,5.1,21.3,0,28.6,3106.818,,,,,,,,,,,,
35,3,46.2,0,23.4,3243.24,,,,,,,,,,,,
53,7.6,4.8,0,8.4,306.432,,,,,,,,,,,,
41,4.6,1.8,0,25.3,209.484,,,,,,,,,,,,
0,7,0,0,19.1,0,,,,,,,,,,,,
32,6.9,20.6,0,20.1,2857.014,,,,,,,,,,,,
139,2.1,2,0,27.4,115.08,,,,,,,,,,,,
0,4.6,0,0,31.9,0,,,,,,,,,,,,
0,4.2,0,0,18.6,0,,,,,,,,,,,,
0,5.3,9.7,0,28.7,1475.467,,,,,,,,,,,,
38,4.2,29.5,0,25.4,3147.06,,,,,,,,,,,,
46,3.6,10.2,0,26.3,965.736,,,,,,,,,,,,
0,6.4,0,0,13.7,0,,,,,,,,,,,,
117,3.6,0,0,28.7,0,,,,,,,,,,,,
0,5.3,9.7,0,28.7,1475.467,,,,,,,,,,,,
0,3.6,10.2,0,26.3,965.736,,,,,,,,,,,,
70,10.3,10.7,0,21.8,2402.578,,,,,,,,,,,,
67,8,4.1,0,27.2,892.16,,,,,,,,,,,,
0,2.8,0,0,13.2,0,,,,,,,,,,,,
0,7.6,4.8,0,8.4,306.432,,,,,,,,,,,,
115,4.6,1.8,0,25.3,209.484,,,,,,,,,,,,
0,9.2,0,0,30.9,0,,,,,,,,,,,,
0,2.3,0,0,29.6,0,,,,,,,,,,,,
45,3,46.2,0,23.4,3243.24,,,,,,,,,,,,
37,8,4.1,0,27.2,892.16,,,,,,,,,,,,
0,4.5,0.5,0,17.6,39.6,,,,,,,,,,,,
56,3.6,10.2,0,26.3,965.736,,,,,,,,,,,,
90,2.5,29.2,0,24.4,1781.2,,,,,,,,,,,,
0,5.9,0,0,31.3,0,,,,,,,,,,,,
56,4.7,20.8,0,33.7,3294.512,,,,,,,,,,,,
49,1.7,12.7,163,-0.3,156.523,,,,,,,,,,,,
30,4.6,3,43,-6.4,-45.32,,,,,,,,,,,,
75,1.7,12.7,163,-0.3,156.523,,,,,,,,,,,,
30,4.2,0,3,-14.1,3,,,,,,,,,,,,
215,4.7,0.5,10,-4.6,-0.81,,,,,,,,,,,,
43,1.7,12.7,163,-0.3,156.523,,,,,,,,,,,,
53,1.7,12.7,163,-0.3,156.523,,,,,,,,,,,,
33,1.7,12.7,163,-0.3,156.523,,,,,,,,,,,,
45,7.6,2.5,25,-2.1,-14.9,,,,,,,,,,,,
38,4.6,3,43,-6.4,-45.32,,,,,,,,,,,,
35,4.2,3.3,30,-11.3,-126.618,,,,,,,,,,,,
33,3,0.3,3,-6.3,-2.67,,,,,,,,,,,,
36,4.3,2.8,79,-14.9,-100.396,,,,,,,,,,,,
30,3,0.3,3,-6.3,-2.67,,,,,,,,,,,,
30,4.2,3.3,30,-11.3,-126.618,,,,,,,,,,,,
40,2.1,1,10,-2.5,4.75,,,,,,,,,,,,
41,4.6,3,43,-6.4,-45.32,,,,,,,,,,,,
31,4.7,0.5,10,-4.6,-0.81,,,,,,,,,,,,
34,3,0.3,3,-6.3,-2.67,,,,,,,,,,,,
39,1.7,12.7,163,-0.3,156.523,,,,,,,,,,,,
31,4.6,3,43,-6.4,-45.32,,,,,,,,,,,,
90,1.7,12.7,163,-0.3,156.523,,,,,,,,,,,,
45,1.7,12.7,163,-0.3,156.523,,,,,,,,,,,,
31,1.7,12.7,163,-0.3,156.523,,,,,,,,,,,,
38,3,0.3,3,-6.3,-2.67,,,,,,,,,,,,
77,1.7,12.7,163,-0.3,156.523,,,,,,,,,,,,
37,4.4,6.9,43,2.8,128.008,,,,,,,,,,,,
35,4.2,3.3,30,-11.3,-126.618,,,,,,,,,,,,
33,7.6,2.5,25,-2.1,-14.9,,,,,,,,,,,,
42,2.1,1,10,-2.5,4.75,,,,,,,,,,,,
33,4.6,3,43,-6.4,-45.32,,,,,,,,,,,,
45,1.7,12.7,163,-0.3,156.523,,,,,,,,,,,,
31,5.3,2.5,58,-10.1,-75.825,,,,,,,,,,,,
52,5.3,2.5,58,-10.1,-75.825,,,,,,,,,,,,
52,3,0.3,3,-6.3,-2.67,,,,,,,,,,,,
35,7.6,2.5,25,-2.1,-14.9,,,,,,,,,,,,
32,4.6,3,43,-6.4,-45.32,,,,,,,,,,,,
95,4.3,11.2,130,-3.3,-28.928,,,,,,,,,,,,
41,2.1,1,10,-2.5,4.75,,,,,,,,,,,,
37,2.1,1,10,-2.5,4.75,,,,,,,,,,,,
43,1.7,12.7,163,-0.3,156.523,,,,,,,,,,,,
65,7.6,2.5,25,-2.1,-14.9,,,,,,,,,,,,
31,4.2,3.3,30,-11.3,-126.618,,,,,,,,,,,,
39,4.6,3,43,-6.4,-45.32,,,,,,,,,,,,
116,4.2,0,3,-14.1,3,,,,,,,,,,,,
39,4.2,3.3,30,-11.3,-126.618,,,,,,,,,,,,
39,7.6,2.5,25,-2.1,-14.9,,,,,,,,,,,,
39,1.7,12.7,163,-0.3,156.523,,,,,,,,,,,,
40,5.3,2.5,58,-10.1,-75.825,,,,,,,,,,,,
45,1.7,12.7,163,-0.3,156.523,,,,,,,,,,,,
40,1.7,12.7,163,-0.3,156.523,,,,,,,,,,,,
42,1.7,12.7,163,-0.3,156.523,,,,,,,,,,,,
61,7.6,2.5,25,-2.1,-14.9,,,,,,,,,,,,
57,1.7,12.7,163,-0.3,156.523,,,,,,,,,,,,
43,4.2,3.3,30,-11.3,-126.618,,,,,,,,,,,,
33,3.9,3,69,-6.6,-8.22,,,,,,,,,,,,
40,3,0.3,3,-6.3,-2.67,,,,,,,,,,,,
40,4.3,11.2,130,-3.3,-28.928,,,,,,,,,,,,
89,7.6,2.5,25,-2.1,-14.9,,,,,,,,,,,,
47,5.3,2.5,58,-10.1,-75.825,,,,,,,,,,,,
41,4.4,6.9,43,2.8,128.008,,,,,,,,,,,,
47,4.3,2.8,79,-14.9,-100.396,,,,,,,,,,,,
32,4.2,3.3,30,-11.3,-126.618,,,,,,,,,,,,
32,5,0.5,10,-0.6,8.5,,,,,,,,,,,,
271,4.3,11.2,130,-3.3,-28.928,,,,,,,,,,,,
31,3.9,3,69,-6.6,-8.22,,,,,,,,,,,,
33,4.3,11.2,130,-3.3,-28.928,,,,,,,,,,,,
36,4.3,11.2,130,-3.3,-28.928,,,,,,,,,,,,
34,7.6,2.5,25,-2.1,-14.9,,,,,,,,,,,,
36,4.7,0.5,10,-4.6,-0.81,,,,,,,,,,,,
44,1.7,12.7,163,-0.3,156.523,,,,,,,,,,,,
41,4.6,3,43,-6.4,-45.32,,,,,,,,,,,,
46,4.3,2.8,79,-14.9,-100.396,,,,,,,,,,,,
44,1.7,12.7,163,-0.3,156.523,,,,,,,,,,,,
78,3,0.3,3,-6.3,-2.67,,,,,,,,,,,,
39,1.7,12.7,163,-0.3,156.523,,,,,,,,,,,,
30,4.2,3.3,30,-11.3,-126.618,,,,,,,,,,,,
44,5.3,2.5,58,-10.1,-75.825,,,,,,,,,,,,
30,5.3,2.5,58,-10.1,-75.825,,,,,,,,,,,,
33,4.6,3,43,-6.4,-45.32,,,,,,,,,,,,
43,3.9,3,69,-6.6,-8.22,,,,,,,,,,,,
80,1.7,12.7,163,-0.3,156.523,,,,,,,,,,,,
42,4.2,3.3,30,-11.3,-126.618,,,,,,,,,,,,
40,1.7,12.7,163,-0.3,156.523,,,,,,,,,,,,
32,7.6,2.5,25,-2.1,-14.9,,,,,,,,,,,,
38,4.2,3.3,30,-11.3,-126.618,,,,,,,,,,,,
32,4.2,3.3,30,-11.3,-126.618,,,,,,,,,,,,
35,4.2,3.3,30,-11.3,-126.618,,,,,,,,,,,,
35,4.3,11.2,130,-3.3,-28.928,,,,,,,,,,,,
59,5.3,2.5,58,-10.1,-75.825,,,,,,,,,,,,
37,4.3,2.8,79,-14.9,-100.396,,,,,,,,,,,,
52,5.3,2.5,58,-10.1,-75.825,,,,,,,,,,,,
36,5.3,2.5,58,-10.1,-75.825,,,,,,,,,,,,
30,4.3,11.2,130,-3.3,-28.928,,,,,,,,,,,,
30,4.2,3.3,30,-11.3,-126.618,,,,,,,,,,,,
57,4.3,11.2,130,-3.3,-28.928,,,,,,,,,,,,
43,4.2,3.3,30,-11.3,-126.618,,,,,,,,,,,,
43,4.3,11.2,130,-3.3,-28.928,,,,,,,,,,,,
40,1.7,12.7,163,-0.3,156.523,,,,,,,,,,,,
30,5,0.5,10,-0.6,8.5,,,,,,,,,,,,
192,1.7,12.7,163,-0.3,156.523,,,,,,,,,,,,
31,4.3,2.8,79,-14.9,-100.396,,,,,,,,,,,,
113,4.3,11.2,130,-3.3,-28.928,,,,,,,,,,,,
48,5.3,2.5,58,-10.1,-75.825,,,,,,,,,,,,
37,3,0.3,3,-6.3,-2.67,,,,,,,,,,,,
35,4.3,11.2,130,-3.3,-28.928,,,,,,,,,,,,
60,1.7,12.7,163,-0.3,156.523,,,,,,,,,,,,
65,4.6,3,43,-6.4,-45.32,,,,,,,,,,,,
33,4.3,11.2,130,-3.3,-28.928,,,,,,,,,,,,
56,4.2,3.3,30,-11.3,-126.618,,,,,,,,,,,,
54,4.2,3.3,30,-11.3,-126.618,,,,,,,,,,,,
38,10.2,3.8,43,1.6,105.016,,,,,,,,,,,,
131,8,0.5,8,1.8,15.2,,,,,,,,,,,,
35,3,0.3,3,-6.3,-2.67,,,,,,,,,,,,
32,1.7,12.7,163,-0.3,156.523,,,,,,,,,,,,
32,2.1,1,10,-2.5,4.75,,,,,,,,,,,,
53,1.7,12.7,163,-0.3,156.523,,,,,,,,,,,,
47,5.3,2.5,58,-10.1,-75.825,,,,,,,,,,,,
34,5.3,2.5,58,-10.1,-75.825,,,,,,,,,,,,
35,4.6,3,43,-6.4,-45.32,,,,,,,,,,,,
40,4.3,2.8,79,-14.9,-100.396,,,,,,,,,,,,
59,5.3,2.5,58,-10.1,-75.825,,,,,,,,,,,,
32,4.2,3.3,30,-11.3,-126.618,,,,,,,,,,,,
35,4.7,0.5,10,-4.6,-0.81,,,,,,,,,,,,
31,3.9,3,69,-6.6,-8.22,,,,,,,,,,,,
87,5.7,0.8,13,-11.5,-39.44,,,,,,,,,,,,
44,3,0.3,3,-6.3,-2.67,,,,,,,,,,,,
40,4.6,3,43,-6.4,-45.32,,,,,,,,,,,,
49,1.7,12.7,163,-0.3,156.523,,,,,,,,,,,,
68,3,0.3,3,-6.3,-2.67,,,,,,,,,,,,
55,4.3,2.8,79,-14.9,-100.396,,,,,,,,,,,,
34,4.6,3,43,-6.4,-45.32,,,,,,,,,,,,
33,2.1,1,10,-2.5,4.75,,,,,,,,,,,,
34,4.3,11.2,130,-3.3,-28.928,,,,,,,,,,,,
96,7.6,2.5,25,-2.1,-14.9,,,,,,,,,,,,
60,4.3,2.8,79,-14.9,-100.396,,,,,,,,,,,,
33,1.7,12.7,163,-0.3,156.523,,,,,,,,,,,,
36,4.2,3.3,30,-11.3,-126.618,,,,,,,,,,,,
32,4.2,3.3,30,-11.3,-126.618,,,,,,,,,,,,
57,1.7,12.7,163,-0.3,156.523,,,,,,,,,,,,
48,7.3,0.3,3,-10,-18.9,,,,,,,,,,,,
59,10.2,3.8,43,1.6,105.016,,,,,,,,,,,,
50,7.6,2.5,25,-2.1,-14.9,,,,,,,,,,,,
35,4.3,11.2,130,-3.3,-28.928,,,,,,,,,,,,
34,4.4,6.9,43,2.8,128.008,,,,,,,,,,,,
32,4.6,3,43,-6.4,-45.32,,,,,,,,,,,,
31,5.3,2.5,58,-10.1,-75.825,,,,,,,,,,,,
48,1.7,12.7,163,-0.3,156.523,,,,,,,,,,,,
34,4.2,3.3,30,-11.3,-126.618,,,,,,,,,,,,
51,3.9,1.8,20,-1.1,12.278,,,,,,,,,,,,
41,4.6,3,43,-6.4,-45.32,,,,,,,,,,,,
123,1.7,12.7,163,-0.3,156.523,,,,,,,,,,,,
36,4.6,3,43,-6.4,-45.32,,,,,,,,,,,,
53,1.7,12.7,163,-0.3,156.523,,,,,,,,,,,,
68,1.7,12.7,163,-0.3,156.523,,,,,,,,,,,,
34,5.3,2.5,58,-10.1,-75.825,,,,,,,,,,,,
39,7.6,2.5,25,-2.1,-14.9,,,,,,,,,,,,
51,4.2,3.3,30,-11.3,-126.618,,,,,,,,,,,,
40,3,0.3,3,-6.3,-2.67,,,,,,,,,,,,
37,1.7,12.7,163,-0.3,156.523,,,,,,,,,,,,
53,4.3,2.8,79,-14.9,-100.396,,,,,,,,,,,,
31,4.2,3.3,30,-11.3,-126.618,,,,,,,,,,,,
98,4.6,3,43,-6.4,-45.32,,,,,,,,,,,,
49,1.7,12.7,163,-0.3,156.523,,,,,,,,,,,,
30,3.9,3,69,-6.6,-8.22,,,,,,,,,,,,
32,4.2,0,3,-14.1,3,,,,,,,,,,,,
32,3,0.3,3,-6.3,-2.67,,,,,,,,,,,,
37,4.6,3,43,-6.4,-45.32,,,,,,,,,,,,
56,7.3,0.3,3,-10,-18.9,,,,,,,,,,,,
61,10.2,3.8,43,1.6,105.016,,,,,,,,,,,,
31,1.6,1.3,23,-8.5,5.32,,,,,,,,,,,,
32,7.6,2.5,25,-2.1,-14.9,,,,,,,,,,,,
33,4.3,2.8,79,-14.9,-100.396,,,,,,,,,,,,
154,1.7,12.7,163,-0.3,156.523,,,,,,,,,,,,
33,1.7,12.7,163,-0.3,156.523,,,,,,,,,,,,
47,4.2,3.3,30,-11.3,-126.618,,,,,,,,,,,,
33,4.3,2.8,79,-14.9,-100.396,,,,,,,,,,,,
48,10.2,3.8,43,1.6,105.016,,,,,,,,,,,,
33,4.6,3,43,-6.4,-45.32,,,,,,,,,,,,
266,1.7,12.7,163,-0.3,156.523,,,,,,,,,,,,
30,3.9,3,69,-6.6,-8.22,,,,,,,,,,,,
44,6.3,2.5,18,2.7,60.525,,,,,,,,,,,,
30,4.2,3.3,30,-11.3,-126.618,,,,,,,,,,,,
36,7.6,2.5,25,-2.1,-14.9,,,,,,,,,,,,
0,4.7,0,0,6.4,0,,,,,,,,,,,,
0,3.9,0,0,-2.1,0,,,,,,,,,,,,
0,5.4,0,0,-2.8,0,,,,,,,,,,,,
0,2.9,4.8,0,3.6,50.112,,,,,,,,,,,,
0,2.5,0,0,6.7,0,,,,,,,,,,,,
0,4.5,0,0,-2.8,0,,,,,,,,,,,,
0,6.4,0,0,-4.8,0,,,,,,,,,,,,
0,4.7,0,0,6.4,0,,,,,,,,,,,,
0,5.4,0,0,-2.8,0,,,,,,,,,,,,
0,2.5,0,0,6.7,0,,,,,,,,,,,,
0,4.5,0,0,-3.6,0,,,,,,,,,,,,
0,4.7,0,0,6.4,0,,,,,,,,,,,,
0,2.5,0,0,6.7,0,,,,,,,,,,,,
0,6.4,0,0,-4.8,0,,,,,,,,,,,,
0,5.4,0,0,-2.8,0,,,,,,,,,,,,
0,6.4,0,0,-4.8,0,,,,,,,,,,,,
0,2.5,0,0,6.7,0,,,,,,,,,,,,
0,4.7,0,0,6.4,0,,,,,,,,,,,,
0,6.4,0,0,-4.8,0,,,,,,,,,,,,
0,5.2,0,0,-2.9,0,,,,,,,,,,,,
0,2.5,0,0,6.7,0,,,,,,,,,,,,
0,2.5,0,0,6.7,0,,,,,,,,,,,,
0,5.4,0,0,-2.8,0,,,,,,,,,,,,
0,6.4,0,0,-4.8,0,,,,,,,,,,,,
0,4.5,0,0,-3.6,0,,,,,,,,,,,,
0,4.7,0,0,6.4,0,,,,,,,,,,,,
0,4.7,0,0,6.4,0,,,,,,,,,,,,
26,5.2,0,0,-2.9,0,,,,,,,,,,,,
0,4.7,0,0,6.4,0,,,,,,,,,,,,
0,2.5,0,0,6.7,0,,,,,,,,,,,,
0,2.5,0,0,6.7,0,,,,,,,,,,,,
0,3.9,0,0,-2.1,0,,,,,,,,,,,,
0,5.2,0,0,-2.9,0,,,,,,,,,,,,
0,3.7,0,0,8.7,0,,,,,,,,,,,,
0,4.5,0,0,-3.6,0,,,,,,,,,,,,
0,6.4,0,0,-4.8,0,,,,,,,,,,,,
0,3.3,0.3,0,2.2,2.178,,,,,,,,,,,,
0,4.7,0,0,6.4,0,,,,,,,,,,,,
16,4.5,0,0,-2.8,0,,,,,,,,,,,,
0,2.5,0,0,6.7,0,,,,,,,,,,,,
0,4.5,0,0,-2.8,0,,,,,,,,,,,,
0,5.2,0,0,-2.9,0,,,,,,,,,,,,
0,4.5,0,0,-2.8,0,,,,,,,,,,,,
0,3.3,0.3,0,2.2,2.178,,,,,,,,,,,,
0,4.7,0,0,6.4,0,,,,,,,,,,,,
0,4.5,0,0,-2.8,0,,,,,,,,,,,,
0,3.7,0,0,8.7,0,,,,,,,,,,,,
0,5.4,0,0,-2.8,0,,,,,,,,,,,,
0,2.5,0,0,6.7,0,,,,,,,,,,,,
0,2.5,0,0,6.7,0,,,,,,,,,,,,
0,3.9,0,0,-2.1,0,,,,,,,,,,,,
0,3.7,0,0,8.7,0,,,,,,,,,,,,
0,5.2,0,0,-2.9,0,,,,,,,,,,,,
0,4.5,0,0,-2.8,0,,,,,,,,,,,,
0,5.2,0,0,-2.9,0,,,,,,,,,,,,
0,3.7,0,0,8.7,0,,,,,,,,,,,,
0,3.7,0,0,8.7,0,,,,,,,,,,,,
0,3.3,0.3,0,2.2,2.178,,,,,,,,,,,,
0,2.5,0,0,6.7,0,,,,,,,,,,,,
0,5.4,0,0,-2.8,0,,,,,,,,,,,,
0,6.4,0,0,-4.8,0,,,,,,,,,,,,
0,3.9,0,0,-2.1,0,,,,,,,,,,,,
0,2.5,0,0,6.7,0,,,,,,,,,,,,
0,5.4,0,0,-2.8,0,,,,,,,,,,,,
0,6.4,0,0,-4.8,0,,,,,,,,,,,,
0,2.5,0,0,6.7,0,,,,,,,,,,,,
0,3.9,0,0,-2.1,0,,,,,,,,,,,,
0,4.7,0,0,6.4,0,,,,,,,,,,,,
0,4.5,0,0,-3.6,0,,,,,,,,,,,,
0,5.2,0,0,-2.9,0,,,,,,,,,,,,
0,6.4,0,0,-4.8,0,,,,,,,,,,,,
0,3.9,0,0,-2.1,0,,,,,,,,,,,,
0,2.5,0,0,6.7,0,,,,,,,,,,,,
0,2.5,0,0,6.7,0,,,,,,,,,,,,
0,4.5,0,0,-3.6,0,,,,,,,,,,,,
0,3.3,0.3,0,2.2,2.178,,,,,,,,,,,,
0,4.7,0,0,6.4,0,,,,,,,,,,,,
0,3.7,0,0,8.7,0,,,,,,,,,,,,
0,2.5,0,0,6.7,0,,,,,,,,,,,,
0,5.4,0,0,-2.8,0,,,,,,,,,,,,
0,3.3,0.3,0,2.2,2.178,,,,,,,,,,,,
0,4.7,0,0,6.4,0,,,,,,,,,,,,
0,5.4,0,0,-2.8,0,,,,,,,,,,,,
0,4.5,0,0,-3.6,0,,,,,,,,,,,,
0,3.7,0,0,8.7,0,,,,,,,,,,,,
0,2.5,0,0,6.7,0,,,,,,,,,,,,
0,2.9,4.8,0,3.6,50.112,,,,,,,,,,,,
0,4.7,0,0,6.4,0,,,,,,,,,,,,
0,5.4,0,0,-2.8,0,,,,,,,,,,,,
0,3.7,0,0,8.7,0,,,,,,,,,,,,
0,4.7,0,0,6.4,0,,,,,,,,,,,,
0,5.2,0,0,-2.9,0,,,,,,,,,,,,
0,3.9,0,0,-2.1,0,,,,,,,,,,,,
0,4.5,0,0,-2.8,0,,,,,,,,,,,,
0,3.9,0,0,-2.1,0,,,,,,,,,,,,
0,2.5,0,0,6.7,0,,,,,,,,,,,,
0,6.4,0,0,-4.8,0,,,,,,,,,,,,
0,5.2,0,0,-2.9,0,,,,,,,,,,,,
0,2.5,0,0,6.7,0,,,,,,,,,,,,
0,5.2,0,0,-2.9,0,,,,,,,,,,,,
0,5.2,0,0,-2.9,0,,,,,,,,,,,,
0,3.7,0,0,8.7,0,,,,,,,,,,,,
0,4.5,0,0,-2.8,0,,,,,,,,,,,,
0,2.5,0,0,6.7,0,,,,,,,,,,,,
0,3.3,0.3,0,2.2,2.178,,,,,,,,,,,,
0,5.4,0,0,-2.8,0,,,,,,,,,,,,
0,5.2,0,0,-2.9,0,,,,,,,,,,,,
0,4.7,0,0,6.4,0,,,,,,,,,,,,
15,4.5,0,0,-2.8,0,,,,,,,,,,,,
0,4.7,0,0,6.4,0,,,,,,,,,,,,
0,3.7,0,0,8.7,0,,,,,,,,,,,,
0,5.2,0,0,-2.9,0,,,,,,,,,,,,
0,4.7,0,0,6.4,0,,,,,,,,,,,,
0,3.9,0,0,-2.1,0,,,,,,,,,,,,
0,4.5,0,0,-2.8,0,,,,,,,,,,,,
0,5.2,0,0,-2.9,0,,,,,,,,,,,,
0,5.2,0,0,-2.9,0,,,,,,,,,,,,
0,4.7,0,0,6.4,0,,,,,,,,,,,,
0,4.5,0,0,-2.8,0,,,,,,,,,,,,
0,3.7,0,0,8.7,0,,,,,,,,,,,,
0,2.9,4.8,0,3.6,50.112,,,,,,,,,,,,
0,4.7,0,0,6.4,0,,,,,,,,,,,,
0,3.7,0,0,8.7,0,,,,,,,,,,,,
21,5.2,0,0,-2.9,0,,,,,,,,,,,,
0,3.7,0,0,8.7,0,,,,,,,,,,,,
0,6.4,0,0,-4.8,0,,,,,,,,,,,,
0,6.4,0,0,-4.8,0,,,,,,,,,,,,
0,5.4,0,0,-2.8,0,,,,,,,,,,,,
0,5.4,0,0,-2.8,0,,,,,,,,,,,,
0,3.9,0,0,-2.1,0,,,,,,,,,,,,
0,5.4,0,0,-2.8,0,,,,,,,,,,,,
6,5.2,0,0,-2.9,0,,,,,,,,,,,,
0,5.2,0,0,-2.9,0,,,,,,,,,,,,
0,4.5,0,0,-3.6,0,,,,,,,,,,,,
0,4.5,0,0,-3.6,0,,,,,,,,,,,,
0,5.4,0,0,-2.8,0,,,,,,,,,,,,
